Date,Open,High,Low,Close,Adj Close,Volume
2020-01-02,39.20000076293945,39.349998474121094,39.150001525878906,39.29999923706055,33.76435089111328,127269
2020-01-03,39.29999923706055,39.400001525878906,39.099998474121094,39.400001525878906,33.85026550292969,146069
2020-01-06,39.29999923706055,39.349998474121094,39.150001525878906,39.25,33.72139358520508,99685
2020-01-07,39.25,39.45000076293945,39.150001525878906,39.45000076293945,33.89322280883789,294489
2020-01-08,39.400001525878906,39.599998474121094,39.25,39.25,33.72139358520508,292522
2020-01-09,39.45000076293945,39.45000076293945,39.25,39.29999923706055,33.76435089111328,55352
2020-01-10,39.5,39.5,39.20000076293945,39.400001525878906,33.85026550292969,93771
2020-01-13,39.349998474121094,39.45000076293945,39.150001525878906,39.45000076293945,33.89322280883789,178776
2020-01-14,39.599998474121094,39.599998474121094,39.29999923706055,39.45000076293945,33.89322280883789,90216
2020-01-15,39.45000076293945,39.45000076293945,39.25,39.25,33.72139358520508,92661
2020-01-16,39.54999923706055,39.54999923706055,39.20000076293945,39.349998474121094,33.80730438232422,72714
2020-01-17,39.400001525878906,39.54999923706055,39.349998474121094,39.45000076293945,33.89322280883789,88602
2020-01-20,39.5,39.599998474121094,39.45000076293945,39.599998474121094,34.022090911865234,147888
2020-01-30,39.349998474121094,39.349998474121094,38.099998474121094,38.349998474121094,32.94816207885742,566753
2020-01-31,38.599998474121094,39.20000076293945,38.400001525878906,38.900001525878906,33.420692443847656,266500
2020-02-03,39.0,40.349998474121094,39.0,40.349998474121094,34.66645050048828,816422
2020-02-04,38.650001525878906,40.099998474121094,38.650001525878906,40.099998474121094,34.45166778564453,398580
2020-02-05,40.0,40.150001525878906,39.849998474121094,39.95000076293945,34.32279586791992,221897
2020-02-06,40.0,41.0,40.0,40.95000076293945,35.18193817138672,499771
2020-02-07,41.099998474121094,41.099998474121094,40.650001525878906,40.70000076293945,34.9671516418457,300502
2020-02-10,40.599998474121094,41.400001525878906,40.400001525878906,40.400001525878906,34.70941162109375,458730
2020-02-11,40.29999923706055,40.95000076293945,40.29999923706055,40.5,34.79532241821289,133109
2020-02-12,40.79999923706055,40.79999923706055,40.04999923706055,40.04999923706055,34.40870666503906,197529
2020-02-13,40.04999923706055,40.20000076293945,39.5,39.849998474121094,34.23687744140625,270111
2020-02-14,39.849998474121094,40.099998474121094,39.650001525878906,39.650001525878906,34.0650520324707,229255
2020-02-17,39.54999923706055,40.849998474121094,39.54999923706055,40.849998474121094,35.09602355957031,475890
2020-02-18,40.849998474121094,41.95000076293945,40.75,41.599998474121094,35.740379333496094,759763
2020-02-19,41.599998474121094,42.79999923706055,41.599998474121094,41.75,35.8692512512207,697447
2020-02-20,41.79999923706055,42.20000076293945,41.5,42.150001525878906,36.21290969848633,222604
2020-02-21,42.150001525878906,42.150001525878906,41.45000076293945,41.45000076293945,35.61151123046875,312184
2020-02-24,41.45000076293945,41.599998474121094,41.0,41.150001525878906,35.35376739501953,199566
2020-02-25,40.900001525878906,40.900001525878906,39.5,40.54999923706055,34.838279724121094,274105
2020-02-26,40.099998474121094,40.599998474121094,40.099998474121094,40.599998474121094,34.8812370300293,143396
2020-02-27,40.650001525878906,40.900001525878906,40.400001525878906,40.54999923706055,34.838279724121094,196589
2020-03-02,40.20000076293945,41.349998474121094,40.04999923706055,41.099998474121094,35.31080627441406,512680
2020-03-03,41.29999923706055,41.29999923706055,40.54999923706055,40.70000076293945,34.9671516418457,256591
2020-03-04,41.04999923706055,41.20000076293945,39.849998474121094,39.849998474121094,34.23687744140625,364079
2020-03-05,40.04999923706055,40.150001525878906,39.75,39.75,34.15096664428711,157565
2020-03-06,39.70000076293945,39.900001525878906,39.150001525878906,39.20000076293945,33.678436279296875,357560
2020-03-09,39.150001525878906,39.29999923706055,38.150001525878906,38.400001525878906,32.99112319946289,440318
2020-03-10,37.95000076293945,38.099998474121094,37.25,37.900001525878906,32.561553955078125,591007
2020-03-11,38.5,39.400001525878906,38.150001525878906,38.29999923706055,32.90520477294922,375581
2020-03-12,37.79999923706055,38.0,37.29999923706055,37.599998474121094,32.303802490234375,378314
2020-03-13,35.5,36.54999923706055,34.79999923706055,36.150001525878906,31.05805015563965,653350
2020-03-16,36.5,36.54999923706055,35.0,35.04999923706055,30.11298942565918,480043
2020-03-17,34.25,34.5,33.599998474121094,34.0,29.210891723632812,371942
2020-03-18,34.0,34.0,33.400001525878906,33.599998474121094,28.867231369018555,464605
2020-03-19,32.349998474121094,32.45000076293945,31.0,31.25,26.84824562072754,601819
2020-03-20,31.549999237060547,33.5,31.549999237060547,33.0,28.35174560546875,363066
2020-03-23,32.79999923706055,34.20000076293945,31.799999237060547,33.79999923706055,29.039060592651367,386594
2020-03-24,34.29999923706055,34.75,34.29999923706055,34.54999923706055,29.683422088623047,309045
2020-03-25,35.0,36.400001525878906,35.0,35.79999923706055,30.757349014282227,375336
2020-03-26,36.099998474121094,36.150001525878906,35.0,35.400001525878906,30.413694381713867,271760
2020-03-27,36.0,36.099998474121094,35.25,35.25,30.284818649291992,188500
2020-03-30,34.79999923706055,35.5,34.04999923706055,35.5,30.49960708618164,227606
2020-03-31,35.79999923706055,36.29999923706055,35.599998474121094,36.29999923706055,31.186922073364258,250107
2020-04-01,35.650001525878906,36.349998474121094,35.650001525878906,36.349998474121094,31.229875564575195,147601
2020-04-06,36.599998474121094,37.900001525878906,36.04999923706055,37.599998474121094,32.303802490234375,459774
2020-04-07,37.75,38.0,37.099998474121094,37.650001525878906,32.34676742553711,180461
2020-04-08,37.75,37.75,37.20000076293945,37.70000076293945,32.38972091674805,229046
2020-04-09,37.70000076293945,38.04999923706055,37.349998474121094,37.599998474121094,32.303802490234375,171230
2020-04-10,37.599998474121094,37.70000076293945,37.5,37.650001525878906,32.34676742553711,120500
2020-04-13,37.79999923706055,38.0,37.54999923706055,37.95000076293945,32.6045036315918,335785
2020-04-14,38.20000076293945,39.0,38.04999923706055,38.5,33.07703399658203,302448
2020-04-15,38.5,39.349998474121094,38.400001525878906,38.900001525878906,33.420692443847656,232534
2020-04-16,39.0,39.0,38.400001525878906,38.849998474121094,33.37773513793945,189098
2020-04-17,39.20000076293945,39.5,38.5,38.79999923706055,33.33477783203125,421592
2020-04-20,39.099998474121094,39.099998474121094,38.70000076293945,38.900001525878906,33.420692443847656,114704
2020-04-21,39.29999923706055,39.5,38.25,38.29999923706055,32.90520477294922,579363
2020-04-22,38.0,38.599998474121094,37.79999923706055,38.599998474121094,33.16294860839844,299613
2020-04-23,38.70000076293945,39.099998474121094,38.650001525878906,38.95000076293945,33.46364974975586,243620
2020-04-24,39.25,39.349998474121094,38.95000076293945,39.29999923706055,33.76435089111328,270982
2020-04-27,39.599998474121094,39.79999923706055,39.400001525878906,39.75,34.15096664428711,443841
2020-04-28,39.79999923706055,40.20000076293945,39.79999923706055,40.0,34.36574935913086,381181
2020-04-29,40.0,40.79999923706055,40.0,40.45000076293945,34.75236511230469,645331
2020-04-30,40.75,40.95000076293945,40.45000076293945,40.95000076293945,35.18193817138672,402385
2020-05-04,40.79999923706055,40.900001525878906,40.0,40.20000076293945,34.53757858276367,366895
2020-05-05,40.849998474121094,40.95000076293945,40.29999923706055,40.45000076293945,34.75236511230469,232406
2020-05-06,40.79999923706055,40.79999923706055,40.45000076293945,40.599998474121094,34.8812370300293,185352
2020-05-07,40.150001525878906,41.29999923706055,40.150001525878906,41.20000076293945,35.396724700927734,389369
2020-05-08,41.20000076293945,41.70000076293945,41.0,41.400001525878906,35.56855392456055,411849
2020-05-11,40.70000076293945,41.0,40.5,40.54999923706055,34.838279724121094,393316
2020-05-12,40.150001525878906,40.400001525878906,39.54999923706055,39.75,34.15096664428711,593839
2020-05-13,39.650001525878906,39.650001525878906,39.349998474121094,39.599998474121094,34.022090911865234,261414
2020-05-14,39.5,39.5,39.20000076293945,39.20000076293945,33.678436279296875,331510
2020-05-15,39.400001525878906,40.099998474121094,39.099998474121094,39.849998474121094,34.23687744140625,450549
2020-05-18,39.54999923706055,41.75,39.29999923706055,41.20000076293945,35.396724700927734,1647746
2020-05-19,41.599998474121094,43.29999923706055,41.25,41.45000076293945,35.61151123046875,1485492
2020-05-20,41.45000076293945,42.0,41.0,41.79999923706055,35.91221237182617,455807
2020-05-21,41.900001525878906,42.54999923706055,41.75,41.95000076293945,36.041080474853516,588400
2020-05-22,41.900001525878906,41.900001525878906,40.599998474121094,40.650001525878906,34.9241943359375,414425
2020-05-25,40.900001525878906,40.95000076293945,40.04999923706055,40.29999923706055,34.623497009277344,235527
2020-05-26,40.400001525878906,41.099998474121094,40.400001525878906,41.099998474121094,35.31080627441406,243543
2020-05-27,41.099998474121094,41.5,40.45000076293945,40.79999923706055,35.053062438964844,173330
2020-05-28,40.79999923706055,41.0,40.20000076293945,40.29999923706055,34.623497009277344,210350
2020-05-29,40.25,40.5,40.20000076293945,40.29999923706055,34.623497009277344,126867
2020-06-01,40.29999923706055,40.75,40.20000076293945,40.29999923706055,34.623497009277344,292501
2020-06-02,40.29999923706055,40.79999923706055,40.29999923706055,40.79999923706055,35.053062438964844,139690
2020-06-03,40.79999923706055,42.29999923706055,40.79999923706055,42.25,36.298824310302734,582929
2020-06-04,42.25,42.29999923706055,41.70000076293945,41.900001525878906,35.99812316894531,214879
2020-06-05,41.900001525878906,41.900001525878906,41.5,41.900001525878906,35.99812316894531,145987
2020-06-08,41.900001525878906,42.20000076293945,41.650001525878906,41.95000076293945,36.041080474853516,274441
2020-06-09,41.95000076293945,42.20000076293945,41.650001525878906,42.0,36.084041595458984,251018
2020-06-10,42.0,42.04999923706055,41.849998474121094,41.900001525878906,35.99812316894531,378905
2020-06-11,41.79999923706055,41.79999923706055,40.79999923706055,40.849998474121094,35.09602355957031,495146
2020-06-12,40.099998474121094,40.95000076293945,40.0,40.95000076293945,35.18193817138672,200702
2020-06-15,41.5,41.5,40.650001525878906,40.79999923706055,35.053062438964844,197395
2020-06-16,40.849998474121094,41.25,40.849998474121094,40.900001525878906,35.13898468017578,127116
2020-06-17,40.900001525878906,40.95000076293945,40.45000076293945,40.650001525878906,34.9241943359375,227000
2020-06-18,40.45000076293945,40.75,40.45000076293945,40.54999923706055,34.838279724121094,180367
2020-06-19,40.5,40.599998474121094,40.45000076293945,40.5,34.79532241821289,92273
2020-06-22,40.5,40.75,40.45000076293945,40.75,35.010108947753906,62166
2020-06-23,40.75,41.0,40.70000076293945,40.70000076293945,34.9671516418457,99345
2020-06-24,40.70000076293945,41.0,40.70000076293945,40.900001525878906,35.13898468017578,88431
2020-06-29,40.900001525878906,40.900001525878906,40.5,40.650001525878906,34.9241943359375,112120
2020-06-30,40.650001525878906,40.95000076293945,40.650001525878906,40.75,35.010108947753906,85720
2020-07-01,40.75,40.95000076293945,40.54999923706055,40.599998474121094,34.8812370300293,163830
2020-07-02,40.599998474121094,41.150001525878906,40.599998474121094,41.150001525878906,35.35376739501953,92449
2020-07-03,41.150001525878906,41.349998474121094,41.150001525878906,41.150001525878906,35.35376739501953,159850
2020-07-06,41.20000076293945,41.75,41.099998474121094,41.599998474121094,35.740379333496094,305041
2020-07-07,41.599998474121094,41.79999923706055,41.54999923706055,41.650001525878906,35.78334045410156,282040
2020-07-08,40.29999923706055,41.25,40.29999923706055,41.0,36.495445251464844,345419
2020-07-09,41.0,41.45000076293945,40.849998474121094,40.900001525878906,36.406436920166016,170159
2020-07-10,40.849998474121094,40.900001525878906,40.29999923706055,40.70000076293945,36.22840881347656,181394
2020-07-13,41.0,41.0,40.75,41.0,36.495445251464844,174792
2020-07-14,41.0,41.04999923706055,40.599998474121094,40.70000076293945,36.22840881347656,197900
2020-07-15,41.0,41.20000076293945,40.70000076293945,40.95000076293945,36.45094299316406,464201
2020-07-16,41.0,41.099998474121094,40.900001525878906,41.0,36.495445251464844,434201
2020-07-17,41.0,41.0,40.849998474121094,40.95000076293945,36.45094299316406,161593
2020-07-20,41.0,41.0,40.70000076293945,40.900001525878906,36.406436920166016,357305
2020-07-21,40.95000076293945,41.20000076293945,40.849998474121094,41.099998474121094,36.58445739746094,605397
2020-07-22,41.25,41.5,40.849998474121094,41.0,36.495445251464844,644335
2020-07-23,41.0,41.04999923706055,40.70000076293945,40.95000076293945,36.45094299316406,120686
2020-07-24,40.900001525878906,41.0,39.04999923706055,39.79999923706055,35.427284240722656,348800
2020-07-27,39.75,40.0,39.0,39.20000076293945,34.893211364746094,199724
2020-07-28,39.20000076293945,39.20000076293945,38.5,38.54999923706055,34.31461715698242,318267
2020-07-29,38.5,39.400001525878906,38.5,38.70000076293945,34.448143005371094,144800
2020-07-30,38.900001525878906,39.099998474121094,38.75,39.099998474121094,34.80419158935547,93729
2020-07-31,39.29999923706055,39.29999923706055,39.099998474121094,39.25,34.937713623046875,45544
2020-08-03,39.25,39.25,38.650001525878906,38.79999923706055,34.53715515136719,218887
2020-08-04,39.04999923706055,39.04999923706055,38.79999923706055,38.79999923706055,34.53715515136719,74700
2020-08-05,38.849998474121094,39.45000076293945,38.70000076293945,38.849998474121094,34.58165740966797,136418
2020-08-06,39.20000076293945,39.20000076293945,38.849998474121094,39.0,34.71518325805664,101978
2020-08-07,39.0,39.04999923706055,38.900001525878906,38.900001525878906,34.62616729736328,160055
2020-08-10,39.099998474121094,39.70000076293945,39.04999923706055,39.70000076293945,35.33827590942383,100511
2020-08-11,39.70000076293945,39.70000076293945,39.54999923706055,39.70000076293945,35.33827590942383,57250
2020-08-12,39.5,39.54999923706055,39.349998474121094,39.45000076293945,35.11574172973633,89250
2020-08-13,39.45000076293945,39.70000076293945,39.45000076293945,39.650001525878906,35.29376983642578,50487
2020-08-14,39.400001525878906,39.75,39.400001525878906,39.650001525878906,35.29376983642578,58630
2020-08-17,39.79999923706055,39.95000076293945,39.70000076293945,39.900001525878906,35.516300201416016,87066
2020-08-18,39.900001525878906,40.45000076293945,39.650001525878906,40.29999923706055,35.872352600097656,109208
2020-08-19,40.29999923706055,40.5,40.20000076293945,40.5,36.05038070678711,200373
2020-08-20,40.5,40.599998474121094,39.20000076293945,39.79999923706055,35.427284240722656,280782
2020-08-21,40.0,40.20000076293945,39.79999923706055,40.0,35.60531234741211,153898
2020-08-24,40.0,40.099998474121094,39.849998474121094,40.0,35.60531234741211,77432
2020-08-25,40.0,40.45000076293945,40.0,40.20000076293945,35.78334045410156,121956
2020-08-26,40.20000076293945,40.900001525878906,40.20000076293945,40.79999923706055,36.31741714477539,188895
2020-08-27,41.0,41.150001525878906,40.900001525878906,40.900001525878906,36.406436920166016,195512
2020-08-28,40.849998474121094,40.900001525878906,40.70000076293945,40.849998474121094,36.36192321777344,90150
2020-08-31,40.849998474121094,41.0,40.849998474121094,41.0,36.495445251464844,126650
2020-09-01,41.0,41.04999923706055,40.54999923706055,40.79999923706055,36.31741714477539,124611
2020-09-02,40.79999923706055,40.900001525878906,40.599998474121094,40.75,36.27291488647461,65371
2020-09-03,40.79999923706055,41.0,40.70000076293945,40.79999923706055,36.31741714477539,87865
2020-09-04,40.599998474121094,40.79999923706055,40.599998474121094,40.75,36.27291488647461,89204
2020-09-07,40.75,40.849998474121094,40.70000076293945,40.79999923706055,36.31741714477539,104173
2020-09-08,40.900001525878906,41.0,40.79999923706055,40.95000076293945,36.45094299316406,92656
2020-09-09,40.849998474121094,40.849998474121094,40.400001525878906,40.54999923706055,36.094886779785156,85076
2020-09-10,40.599998474121094,40.70000076293945,40.599998474121094,40.650001525878906,36.183902740478516,68672
2020-09-11,40.70000076293945,40.75,40.599998474121094,40.650001525878906,36.183902740478516,152939
2020-09-14,40.650001525878906,40.79999923706055,40.650001525878906,40.75,36.27291488647461,89776
2020-09-15,40.70000076293945,40.849998474121094,40.70000076293945,40.849998474121094,36.36192321777344,55218
2020-09-16,40.79999923706055,41.0,40.79999923706055,41.0,36.495445251464844,319884
2020-09-17,40.900001525878906,40.95000076293945,40.79999923706055,40.95000076293945,36.45094299316406,86537
2020-09-18,40.900001525878906,41.099998474121094,40.849998474121094,40.95000076293945,36.45094299316406,170290
2020-09-21,40.95000076293945,41.0,40.79999923706055,41.0,36.495445251464844,191075
2020-09-22,40.70000076293945,40.79999923706055,40.099998474121094,40.099998474121094,35.6943244934082,187576
2020-09-23,40.20000076293945,40.20000076293945,39.150001525878906,39.400001525878906,35.07123565673828,222375
2020-09-24,39.20000076293945,39.20000076293945,37.849998474121094,38.0,33.825050354003906,467617
2020-09-25,37.849998474121094,38.0,37.5,37.900001525878906,33.73603439331055,310044
2020-09-28,38.0,38.20000076293945,37.95000076293945,38.04999923706055,33.86955642700195,144078
2020-09-29,38.20000076293945,38.20000076293945,37.900001525878906,38.099998474121094,33.914058685302734,139001
2020-09-30,38.0,38.099998474121094,38.0,38.04999923706055,33.86955642700195,155649
2020-10-05,38.0,38.599998474121094,37.75,38.349998474121094,34.13658905029297,211221
2020-10-06,38.349998474121094,38.599998474121094,38.099998474121094,38.599998474121094,34.359127044677734,123683
2020-10-07,38.5,38.95000076293945,38.5,38.95000076293945,34.67067337036133,115738
2020-10-08,38.95000076293945,39.0,38.650001525878906,38.95000076293945,34.67067337036133,130696
2020-10-12,38.95000076293945,38.95000076293945,38.79999923706055,38.95000076293945,34.67067337036133,43726
2020-10-13,38.95000076293945,39.150001525878906,38.900001525878906,39.099998474121094,34.80419158935547,185934
2020-10-14,39.099998474121094,39.79999923706055,39.099998474121094,39.400001525878906,35.07123565673828,90836
2020-10-15,39.45000076293945,39.5,39.20000076293945,39.400001525878906,35.07123565673828,85493
2020-10-16,39.29999923706055,39.79999923706055,39.29999923706055,39.79999923706055,35.427284240722656,112300
2020-10-19,39.75,40.099998474121094,39.70000076293945,40.099998474121094,35.6943244934082,194800
2020-10-20,40.0,40.0,39.849998474121094,39.900001525878906,35.516300201416016,35561
2020-10-21,40.0,40.0,39.650001525878906,40.0,35.60531234741211,92675
2020-10-22,39.900001525878906,39.900001525878906,39.75,39.900001525878906,35.516300201416016,23936
2020-10-23,40.0,40.04999923706055,39.849998474121094,39.900001525878906,35.516300201416016,82818
2020-10-26,39.900001525878906,40.099998474121094,39.75,39.79999923706055,35.427284240722656,118668
2020-10-27,39.900001525878906,39.95000076293945,39.79999923706055,39.849998474121094,35.4717903137207,70746
2020-10-28,39.849998474121094,40.0,39.79999923706055,39.900001525878906,35.516300201416016,85122
2020-10-29,39.599998474121094,39.75,39.599998474121094,39.75,35.382781982421875,63190
2020-10-30,39.599998474121094,39.900001525878906,39.599998474121094,39.70000076293945,35.33827590942383,127093
2020-11-02,40.150001525878906,40.29999923706055,39.849998474121094,40.099998474121094,35.6943244934082,252299
2020-11-03,40.150001525878906,40.5,40.150001525878906,40.5,36.05038070678711,187401
2020-11-04,40.5,40.5,40.099998474121094,40.45000076293945,36.00587463378906,60569
2020-11-05,40.5,40.54999923706055,40.20000076293945,40.400001525878906,35.961368560791016,140373
2020-11-06,40.5,40.5,40.20000076293945,40.349998474121094,35.9168586730957,64724
2020-11-09,40.20000076293945,40.70000076293945,40.20000076293945,40.5,36.05038070678711,223636
2020-11-10,40.5,40.650001525878906,40.150001525878906,40.54999923706055,36.094886779785156,206038
2020-11-11,40.5,40.95000076293945,40.150001525878906,40.650001525878906,36.183902740478516,246405
2020-11-12,40.650001525878906,40.79999923706055,40.25,40.54999923706055,36.094886779785156,60119
2020-11-13,40.29999923706055,40.400001525878906,40.25,40.29999923706055,35.872352600097656,118101
2020-11-16,40.400001525878906,40.900001525878906,40.29999923706055,40.400001525878906,35.961368560791016,155198
2020-11-17,40.25,40.599998474121094,40.25,40.599998474121094,36.13938903808594,79640
2020-11-18,40.599998474121094,40.650001525878906,40.400001525878906,40.650001525878906,36.183902740478516,130500
2020-11-19,40.349998474121094,40.79999923706055,40.349998474121094,40.599998474121094,36.13938903808594,177201
2020-11-20,40.79999923706055,41.0,40.79999923706055,41.0,36.495445251464844,539885
2020-11-23,41.0,41.099998474121094,40.95000076293945,41.0,36.495445251464844,246271
2020-11-24,41.0,41.0,40.75,40.849998474121094,36.36192321777344,121050
2020-11-25,41.0,41.04999923706055,40.650001525878906,40.849998474121094,36.36192321777344,234123
2020-11-26,40.79999923706055,41.400001525878906,40.75,41.400001525878906,36.85150146484375,762708
2020-11-27,41.400001525878906,41.54999923706055,41.29999923706055,41.45000076293945,36.8960075378418,273050
2020-11-30,41.45000076293945,41.70000076293945,41.400001525878906,41.5,36.940513610839844,111269
2020-12-01,41.400001525878906,41.599998474121094,41.150001525878906,41.349998474121094,36.80699157714844,230301
2020-12-02,41.099998474121094,41.650001525878906,41.099998474121094,41.349998474121094,36.80699157714844,97600
2020-12-03,41.29999923706055,41.45000076293945,41.20000076293945,41.29999923706055,36.76248550415039,153105
2020-12-04,41.29999923706055,41.70000076293945,41.29999923706055,41.54999923706055,36.985015869140625,178105
2020-12-07,41.54999923706055,41.900001525878906,41.54999923706055,41.75,37.16304397583008,176110
2020-12-08,41.5,41.900001525878906,41.5,41.70000076293945,37.1185417175293,162065
2020-12-09,41.70000076293945,42.04999923706055,41.70000076293945,42.04999923706055,37.430084228515625,400797
2020-12-10,42.0,42.29999923706055,41.849998474121094,42.150001525878906,37.519100189208984,227343
2020-12-11,42.150001525878906,42.5,42.04999923706055,42.29999923706055,37.652618408203125,282384
2020-12-14,42.349998474121094,43.04999923706055,42.349998474121094,43.04999923706055,38.32021713256836,364665
2020-12-15,43.150001525878906,43.150001525878906,42.75,43.099998474121094,38.364723205566406,288308
2020-12-16,43.099998474121094,43.5,42.95000076293945,43.29999923706055,38.542747497558594,1249455
2020-12-17,43.29999923706055,43.5,43.099998474121094,43.349998474121094,38.587257385253906,377370
2020-12-18,43.20000076293945,43.900001525878906,43.20000076293945,43.70000076293945,38.8988037109375,385409
2020-12-21,43.70000076293945,45.29999923706055,43.70000076293945,45.29999923706055,40.32301712036133,698856
2020-12-22,45.20000076293945,45.20000076293945,43.29999923706055,43.349998474121094,38.587257385253906,515383
2020-12-23,43.349998474121094,43.400001525878906,42.650001525878906,42.900001525878906,38.18669891357422,204135
2020-12-24,43.0,43.349998474121094,42.849998474121094,43.25,38.49824523925781,130622
2020-12-25,43.900001525878906,43.900001525878906,43.20000076293945,43.349998474121094,38.587257385253906,129676
2020-12-28,43.349998474121094,44.849998474121094,42.04999923706055,44.400001525878906,39.52190017700195,597861
2020-12-29,44.5,44.70000076293945,43.900001525878906,44.5,39.61091232299805,258776
2020-12-30,44.5,44.900001525878906,44.0,44.70000076293945,39.7889404296875,242700
2020-12-31,44.70000076293945,45.04999923706055,44.599998474121094,44.79999923706055,39.87794876098633,333115
2021-01-04,44.75,46.20000076293945,44.75,45.45000076293945,40.456539154052734,754981
2021-01-05,45.29999923706055,46.0,45.04999923706055,46.0,40.94611358642578,302324
2021-01-06,45.75,45.95000076293945,45.04999923706055,45.150001525878906,40.18949890136719,364216
2021-01-07,45.099998474121094,46.099998474121094,45.0,46.099998474121094,41.03512191772461,1040627
2021-01-08,46.099998474121094,46.29999923706055,45.150001525878906,45.650001525878906,40.63456726074219,280092
2021-01-11,45.0,46.0,45.0,45.25,40.27851104736328,198251
2021-01-12,45.0,45.0,43.5,44.0,39.16584396362305,342095
2021-01-13,43.5,44.599998474121094,43.5,44.29999923706055,39.432884216308594,356198
2021-01-14,44.25,44.25,43.75,43.95000076293945,39.121341705322266,130908
2021-01-15,43.75,43.849998474121094,43.0,43.5,38.72077560424805,416142
2021-01-18,42.70000076293945,43.400001525878906,42.54999923706055,43.20000076293945,38.453739166259766,194148
2021-01-19,43.349998474121094,43.400001525878906,43.04999923706055,43.099998474121094,38.364723205566406,117891
2021-01-20,43.04999923706055,43.099998474121094,41.25,41.25,36.71798324584961,604150
2021-01-21,41.349998474121094,41.900001525878906,41.349998474121094,41.599998474121094,37.02952194213867,130345
2021-01-22,42.099998474121094,42.25,41.75,42.099998474121094,37.47459030151367,154450
2021-01-25,42.25,44.0,41.849998474121094,43.099998474121094,38.364723205566406,387349
2021-01-26,43.099998474121094,43.099998474121094,42.099998474121094,42.29999923706055,37.652618408203125,151656
2021-01-27,43.0,43.0,41.79999923706055,42.099998474121094,37.47459030151367,99587
2021-01-28,42.04999923706055,42.20000076293945,41.79999923706055,42.150001525878906,37.519100189208984,132000
2021-01-29,41.650001525878906,41.79999923706055,40.79999923706055,41.150001525878906,36.628971099853516,257410
2021-02-01,41.20000076293945,42.0,41.0,41.29999923706055,36.76248550415039,94098
2021-02-02,41.04999923706055,41.400001525878906,40.900001525878906,41.04999923706055,36.539955139160156,149400
2021-02-03,41.099998474121094,41.099998474121094,40.70000076293945,40.79999923706055,36.31741714477539,112975
2021-02-04,40.349998474121094,41.349998474121094,40.0,40.45000076293945,36.00587463378906,169799
2021-02-05,41.0,42.20000076293945,40.95000076293945,41.54999923706055,36.985015869140625,366351
2021-02-17,41.75,41.75,40.650001525878906,41.650001525878906,37.07403564453125,577179
2021-02-18,41.70000076293945,42.25,41.70000076293945,42.099998474121094,37.47459030151367,177354
2021-02-19,42.099998474121094,42.20000076293945,41.70000076293945,42.099998474121094,37.47459030151367,150307
2021-02-22,42.099998474121094,42.20000076293945,41.900001525878906,42.0,37.38557815551758,443469
2021-02-23,42.0,42.70000076293945,42.0,42.54999923706055,37.87514877319336,288200
2021-02-24,42.79999923706055,42.79999923706055,42.5,42.650001525878906,37.964168548583984,204500
2021-02-25,42.54999923706055,42.900001525878906,42.54999923706055,42.79999923706055,38.097686767578125,175752
2021-02-26,42.70000076293945,42.79999923706055,42.25,42.45000076293945,37.78614044189453,345435
2021-03-02,42.5,43.099998474121094,42.5,42.900001525878906,38.18669891357422,140951
2021-03-03,43.349998474121094,43.45000076293945,42.95000076293945,43.349998474121094,38.587257385253906,399144
2021-03-04,43.349998474121094,43.45000076293945,43.04999923706055,43.29999923706055,38.542747497558594,253737
2021-03-05,43.04999923706055,43.25,42.95000076293945,43.25,38.49824523925781,94892
2021-03-08,43.150001525878906,43.5,43.150001525878906,43.150001525878906,38.409236907958984,77189
2021-03-09,43.0,43.29999923706055,42.95000076293945,43.150001525878906,38.409236907958984,74461
2021-03-10,43.400001525878906,43.400001525878906,43.20000076293945,43.25,38.49824523925781,64204
2021-03-11,43.29999923706055,43.75,43.25,43.400001525878906,38.63176727294922,204574
2021-03-12,43.20000076293945,43.29999923706055,42.79999923706055,43.25,38.49824523925781,198686
2021-03-15,43.25,43.25,43.04999923706055,43.099998474121094,38.364723205566406,92166
2021-03-16,43.099998474121094,43.150001525878906,42.54999923706055,43.099998474121094,38.364723205566406,194974
2021-03-17,42.79999923706055,42.95000076293945,42.70000076293945,42.70000076293945,38.00867462158203,259610
2021-03-18,42.900001525878906,43.099998474121094,42.75,42.95000076293945,38.231204986572266,59694
2021-03-19,42.45000076293945,42.599998474121094,41.79999923706055,42.29999923706055,37.652618408203125,352262
2021-03-22,42.0,42.29999923706055,41.849998474121094,42.29999923706055,37.652618408203125,101701
2021-03-23,42.5,42.5,42.20000076293945,42.20000076293945,37.5636100769043,86620
2021-03-24,42.79999923706055,42.79999923706055,42.20000076293945,42.20000076293945,37.5636100769043,137282
2021-03-25,42.5,42.70000076293945,42.45000076293945,42.54999923706055,37.87514877319336,101711
2021-03-26,42.54999923706055,43.29999923706055,42.45000076293945,43.29999923706055,38.542747497558594,242004
2021-03-29,43.29999923706055,43.599998474121094,43.0,43.400001525878906,38.63176727294922,178596
2021-03-30,43.45000076293945,43.79999923706055,43.45000076293945,43.79999923706055,38.987815856933594,227349
2021-03-31,44.25,44.25,43.900001525878906,44.20000076293945,39.3438720703125,249578
2021-04-01,44.150001525878906,44.20000076293945,43.650001525878906,44.099998474121094,39.254859924316406,89262
2021-04-07,43.79999923706055,44.150001525878906,43.79999923706055,44.099998474121094,39.254859924316406,146853
2021-04-08,44.0,44.150001525878906,43.70000076293945,44.099998474121094,39.254859924316406,178981
2021-04-09,43.79999923706055,43.900001525878906,43.599998474121094,43.599998474121094,38.809791564941406,153758
2021-04-12,43.29999923706055,44.5,43.29999923706055,43.54999923706055,38.76528549194336,329754
2021-04-13,43.5,44.5,43.5,44.04999923706055,39.210350036621094,496037
2021-04-14,43.5,43.95000076293945,43.29999923706055,43.650001525878906,38.85430145263672,221551
2021-04-15,43.5,43.849998474121094,43.45000076293945,43.599998474121094,38.809791564941406,106466
2021-04-16,43.5,43.849998474121094,43.5,43.75,38.94331359863281,138241
2021-04-19,43.75,44.650001525878906,43.54999923706055,44.599998474121094,39.69992446899414,438121
2021-04-20,44.650001525878906,45.849998474121094,44.599998474121094,45.5,40.50104522705078,612892
2021-04-21,45.400001525878906,45.5,44.849998474121094,45.20000076293945,40.234004974365234,293149
2021-04-22,45.20000076293945,45.95000076293945,44.25,45.0,40.05597686767578,700900
2021-04-23,44.29999923706055,45.0,44.29999923706055,44.70000076293945,39.7889404296875,246943
2021-04-26,44.79999923706055,45.04999923706055,44.5,44.70000076293945,39.7889404296875,317858
2021-04-27,44.70000076293945,44.849998474121094,44.20000076293945,44.849998474121094,39.922454833984375,206851
2021-04-28,45.0,45.0,44.29999923706055,44.70000076293945,39.7889404296875,211938
2021-04-29,44.349998474121094,45.0,44.29999923706055,45.0,40.05597686767578,235605
2021-05-03,45.0,45.0,44.29999923706055,44.400001525878906,39.52190017700195,198630
2021-05-04,44.25,45.0,44.25,44.54999923706055,39.65541458129883,540116
2021-05-05,44.54999923706055,44.79999923706055,44.349998474121094,44.54999923706055,39.65541458129883,158349
2021-05-06,44.25,44.95000076293945,44.25,44.70000076293945,39.7889404296875,122449
2021-05-07,44.900001525878906,44.95000076293945,44.54999923706055,44.849998474121094,39.922454833984375,132009
2021-05-10,44.75,44.75,44.0,44.349998474121094,39.477394104003906,259763
2021-05-11,44.29999923706055,44.5,43.849998474121094,43.849998474121094,39.032325744628906,422299
2021-05-12,43.349998474121094,44.20000076293945,43.04999923706055,43.54999923706055,38.76528549194336,970588
2021-05-13,44.5,47.900001525878906,44.25,47.900001525878906,42.63736343383789,3123572
2021-05-14,47.95000076293945,49.70000076293945,43.70000076293945,44.79999923706055,39.87794876098633,3913909
2021-05-17,47.400001525878906,49.25,47.20000076293945,49.25,43.83904266357422,8312631
2021-05-18,50.0,51.599998474121094,45.5,46.900001525878906,41.747230529785156,6566607
2021-05-19,47.29999923706055,48.0,44.95000076293945,45.45000076293945,40.456539154052734,2582401
2021-05-20,45.95000076293945,49.95000076293945,45.95000076293945,49.95000076293945,44.462135314941406,7657136
2021-05-21,49.95000076293945,54.900001525878906,49.95000076293945,54.900001525878906,48.86829376220703,15764844
2021-05-24,57.79999923706055,60.29999923706055,57.70000076293945,60.29999923706055,53.675010681152344,5488841
2021-05-25,66.30000305175781,66.30000305175781,55.099998474121094,57.79999923706055,51.449676513671875,30753794
2021-05-26,56.79999923706055,63.400001525878906,54.20000076293945,60.70000076293945,54.03106689453125,27345777
2021-05-27,61.099998474121094,66.0,60.70000076293945,60.70000076293945,54.03106689453125,42524139
2021-05-28,62.400001525878906,63.5,61.29999923706055,61.79999923706055,55.01020812988281,18444550
2021-05-31,62.79999923706055,67.9000015258789,62.5,67.9000015258789,60.44002151489258,44660545
2021-06-01,71.4000015258789,74.0,63.099998474121094,66.5,59.19383239746094,62587178
2021-06-02,68.0,72.5,67.0,69.9000015258789,62.220279693603516,47944144
2021-06-03,73.0,73.5,70.5,71.19999694824219,63.37745666503906,29614319
2021-06-04,72.0,72.4000015258789,68.0,68.4000015258789,60.88508987426758,14164112
2021-06-07,68.5,69.80000305175781,63.0,68.0999984741211,60.61804962158203,14189314
2021-06-08,68.80000305175781,69.5,67.0,67.0999984741211,59.72791290283203,9402023
2021-06-09,67.4000015258789,67.5999984741211,64.5,64.5,57.413570404052734,6692392
2021-06-10,63.70000076293945,65.30000305175781,61.5,63.5,56.523433685302734,9122676
2021-06-11,63.5,64.80000305175781,63.29999923706055,63.5,56.523433685302734,6187904
2021-06-15,64.5,65.0,62.79999923706055,63.79999923706055,56.79047393798828,5673710
2021-06-16,64.5999984741211,64.69999694824219,61.29999923706055,61.29999923706055,54.56514358520508,5859239
2021-06-17,61.400001525878906,65.9000015258789,59.599998474121094,65.30000305175781,58.125675201416016,18781330
2021-06-18,65.19999694824219,69.5,64.80000305175781,67.30000305175781,59.90594482421875,41359419
2021-06-21,67.4000015258789,74.0,67.30000305175781,74.0,65.86982727050781,58258410
2021-06-22,76.80000305175781,80.4000015258789,71.0,71.0,63.199432373046875,77855761
2021-06-23,71.0,72.80000305175781,65.30000305175781,67.5999984741211,60.172977447509766,27909171
2021-06-24,69.0,73.0,67.69999694824219,71.30000305175781,63.46647262573242,24916938
2021-06-25,72.5,74.0,70.19999694824219,70.4000015258789,62.66535186767578,24767851
2021-06-28,71.4000015258789,73.4000015258789,70.80000305175781,71.5999984741211,63.7335090637207,24577681
2021-06-29,72.19999694824219,73.9000015258789,69.5,69.80000305175781,62.13127136230469,19881240
2021-06-30,70.0999984741211,72.19999694824219,67.80000305175781,69.19999694824219,61.597190856933594,18149332
2021-07-01,70.5999984741211,71.5,67.4000015258789,67.5,60.08396530151367,16459101
2021-07-02,68.5999984741211,68.69999694824219,65.5999984741211,66.5,59.19383239746094,8164589
2021-07-05,67.0,67.9000015258789,63.29999923706055,65.9000015258789,58.65975570678711,10398878
2021-07-06,65.9000015258789,67.4000015258789,64.4000015258789,64.5999984741211,57.50258255004883,6800730
2021-07-07,64.5999984741211,65.80000305175781,62.0,63.099998474121094,56.16737747192383,7531427
2021-07-08,63.900001525878906,66.5,62.400001525878906,66.5,59.19383239746094,8926179
2021-07-09,64.80000305175781,66.4000015258789,62.5,63.5,56.523433685302734,7626767
2021-07-12,64.0,64.5,62.0,62.29999923706055,55.45527267456055,4896998
2021-07-13,62.599998474121094,63.0,58.79999923706055,60.0,53.4079704284668,6573213
2021-07-14,59.900001525878906,61.0,56.20000076293945,60.20000076293945,53.58599853515625,8034260
2021-07-15,60.0,62.0,59.20000076293945,60.900001525878906,54.2090950012207,10461575
2021-07-16,60.0,61.400001525878906,59.400001525878906,59.400001525878906,52.8738899230957,3682160
2021-07-19,59.400001525878906,59.900001525878906,58.099998474121094,59.29999923706055,52.784873962402344,2250324
2021-07-20,58.400001525878906,58.79999923706055,56.599998474121094,56.70000076293945,50.47053527832031,2704570
2021-07-21,57.79999923706055,58.20000076293945,55.400001525878906,55.900001525878906,49.7584228515625,2885777
2021-07-22,56.29999923706055,57.900001525878906,55.599998474121094,57.599998474121094,51.27164840698242,3177021
2021-07-23,57.70000076293945,58.70000076293945,57.099998474121094,58.29999923706055,51.894744873046875,2099698
2021-07-26,58.5,58.79999923706055,57.0,57.29999923706055,51.00461196899414,1116947
2021-07-27,57.79999923706055,58.29999923706055,56.0,56.0,49.84743881225586,1312681
2021-07-28,56.20000076293945,57.599998474121094,55.20000076293945,56.0,49.84743881225586,1993345
2021-07-29,56.29999923706055,57.900001525878906,56.0,57.5,51.182640075683594,1631152
2021-07-30,58.0,58.0,55.0,55.0,48.95730972290039,1774249
2021-08-02,55.20000076293945,57.79999923706055,55.0,57.599998474121094,51.27164840698242,2019971
2021-08-03,57.900001525878906,57.900001525878906,55.5,55.900001525878906,49.7584228515625,1400805
2021-08-04,56.20000076293945,56.29999923706055,55.79999923706055,56.20000076293945,50.02546691894531,1190091
2021-08-05,55.0,55.099998474121094,52.20000076293945,52.79999923706055,48.44725799560547,3174340
2021-08-06,52.599998474121094,54.599998474121094,52.5,53.29999923706055,48.90604019165039,1362854
2021-08-09,53.099998474121094,54.099998474121094,52.5,52.5,48.171993255615234,1292787
2021-08-10,53.400001525878906,53.400001525878906,51.599998474121094,51.79999923706055,47.52969741821289,1149865
2021-08-11,51.79999923706055,52.20000076293945,51.0,51.79999923706055,47.52969741821289,1465153
2021-08-12,52.0,52.400001525878906,51.099998474121094,51.70000076293945,47.43793869018555,741779
2021-08-13,51.70000076293945,51.79999923706055,49.900001525878906,50.0,45.878082275390625,1505658
2021-08-16,50.0,50.5,48.5,49.70000076293945,45.60281753540039,1709514
2021-08-17,49.70000076293945,49.70000076293945,49.70000076293945,49.70000076293945,45.60281753540039,0
2021-08-18,46.79999923706055,50.5,46.79999923706055,49.95000076293945,45.83220672607422,2341577
2021-08-19,50.0,50.0,47.849998474121094,48.0,44.04296112060547,1475090
2021-08-20,48.099998474121094,48.849998474121094,47.650001525878906,48.0,44.04296112060547,1328001
2021-08-23,48.79999923706055,50.400001525878906,48.650001525878906,49.04999923706055,45.006404876708984,1909151
2021-08-24,49.650001525878906,49.900001525878906,49.150001525878906,49.650001525878906,45.556941986083984,1061302
2021-08-25,49.79999923706055,49.900001525878906,49.04999923706055,49.45000076293945,45.37342834472656,582593
2021-08-26,49.75,49.849998474121094,49.04999923706055,49.150001525878906,45.09815979003906,647922
2021-08-27,49.099998474121094,50.5,48.70000076293945,49.54999923706055,45.46518325805664,993729
2021-08-30,49.70000076293945,49.900001525878906,49.099998474121094,49.150001525878906,45.09815979003906,745590
2021-08-31,49.20000076293945,49.29999923706055,48.0,48.0,44.04296112060547,1005130
2021-09-01,48.20000076293945,49.20000076293945,48.20000076293945,49.04999923706055,45.006404876708984,863776
2021-09-02,49.04999923706055,49.04999923706055,47.849998474121094,47.95000076293945,43.99708557128906,1115851
2021-09-03,47.95000076293945,48.20000076293945,47.0,47.0,43.12540054321289,1457213
2021-09-06,47.04999923706055,47.900001525878906,47.0,47.099998474121094,43.21715545654297,1058450
2021-09-07,47.25,51.79999923706055,47.099998474121094,51.79999923706055,47.52969741821289,8511021
2021-09-08,52.0,56.900001525878906,51.900001525878906,56.900001525878906,52.20926284790039,21240310
2021-09-09,60.79999923706055,62.29999923706055,56.400001525878906,56.5,51.84223937988281,52485117
2021-09-10,57.5,57.5,52.0,52.400001525878906,48.08023452758789,17766072
2021-09-13,51.0,51.099998474121094,48.849998474121094,49.0,44.96052169799805,9217724
2021-09-14,48.599998474121094,53.400001525878906,48.5,49.45000076293945,45.37342834472656,19341587
2021-09-15,48.099998474121094,50.599998474121094,48.099998474121094,49.70000076293945,45.60281753540039,7607330
2021-09-16,49.70000076293945,49.70000076293945,48.70000076293945,48.900001525878906,44.868770599365234,2096085
2021-09-17,49.25,49.79999923706055,48.79999923706055,48.849998474121094,44.8228874206543,1493164
2021-09-22,47.849998474121094,47.849998474121094,47.099998474121094,47.5,43.58417892456055,1725813
2021-09-23,48.099998474121094,48.5,47.20000076293945,47.25,43.35478973388672,1619947
2021-09-24,47.5,47.849998474121094,47.29999923706055,47.400001525878906,43.492427825927734,989774
2021-09-27,48.0,48.0,47.400001525878906,47.400001525878906,43.492427825927734,712059
2021-09-28,47.70000076293945,47.70000076293945,47.099998474121094,47.29999923706055,43.40066909790039,546010
2021-09-29,47.0,47.650001525878906,46.0,46.0,42.20783996582031,1938510
2021-09-30,46.04999923706055,46.79999923706055,45.70000076293945,46.45000076293945,42.62074279785156,884500
2021-10-01,46.0,46.04999923706055,44.400001525878906,44.650001525878906,40.96913146972656,1838416
2021-10-04,44.79999923706055,45.349998474121094,43.0,43.150001525878906,39.59279251098633,1861971
2021-10-05,42.5,43.70000076293945,41.79999923706055,43.599998474121094,40.00569152832031,1317215
2021-10-06,43.599998474121094,44.20000076293945,42.04999923706055,42.04999923706055,38.58346939086914,1136850
2021-10-07,42.150001525878906,44.25,42.150001525878906,43.400001525878906,39.822181701660156,1280437
2021-10-08,44.0,44.0,42.5,42.599998474121094,39.08812713623047,904915
2021-10-12,42.599998474121094,42.599998474121094,41.599998474121094,41.79999923706055,38.35407638549805,903072
2021-10-13,41.900001525878906,42.54999923706055,41.04999923706055,41.099998474121094,37.71178436279297,940785
2021-10-14,41.25,42.20000076293945,40.79999923706055,41.5,38.07881164550781,919100
2021-10-15,42.20000076293945,42.5,41.70000076293945,42.20000076293945,38.721107482910156,850465
2021-10-18,41.900001525878906,42.25,41.04999923706055,41.599998474121094,38.170562744140625,847749
2021-10-19,41.599998474121094,42.5,41.599998474121094,42.45000076293945,38.950496673583984,741661
2021-10-20,42.54999923706055,43.150001525878906,42.400001525878906,42.599998474121094,39.08812713623047,499999
2021-10-21,42.900001525878906,43.849998474121094,42.650001525878906,43.849998474121094,40.23508071899414,1272831
2021-10-22,43.70000076293945,43.70000076293945,42.099998474121094,42.20000076293945,38.721107482910156,881730
2021-10-25,41.95000076293945,44.95000076293945,41.70000076293945,42.849998474121094,39.3175163269043,1958245
2021-10-26,42.900001525878906,43.400001525878906,42.599998474121094,42.900001525878906,39.363399505615234,502183
2021-10-27,42.79999923706055,43.099998474121094,42.599998474121094,42.70000076293945,39.17988586425781,306395
2021-10-28,42.900001525878906,43.349998474121094,42.75,42.900001525878906,39.363399505615234,361150
2021-10-29,43.0,43.79999923706055,42.650001525878906,43.349998474121094,39.77629852294922,995440
2021-11-01,43.900001525878906,44.20000076293945,43.099998474121094,43.349998474121094,39.77629852294922,924010
2021-11-02,43.400001525878906,44.25,43.400001525878906,43.95000076293945,40.326839447021484,1083294
2021-11-03,44.5,46.400001525878906,44.5,45.400001525878906,41.65730285644531,3898189
2021-11-04,45.5,45.900001525878906,44.54999923706055,44.70000076293945,41.015010833740234,1135986
2021-11-05,45.20000076293945,45.20000076293945,44.0,44.400001525878906,40.739742279052734,547808
2021-11-08,45.0,45.349998474121094,44.400001525878906,44.79999923706055,41.10676193237305,481567
2021-11-09,45.099998474121094,45.099998474121094,44.5,44.54999923706055,40.87737274169922,637534
2021-11-10,44.54999923706055,45.349998474121094,44.54999923706055,44.849998474121094,41.15264129638672,608628
2021-11-11,45.0,45.25,44.5,44.54999923706055,40.87737274169922,690833
2021-11-12,44.599998474121094,44.75,44.099998474121094,44.29999923706055,40.64798355102539,569001
2021-11-15,44.650001525878906,44.650001525878906,43.650001525878906,43.95000076293945,40.326839447021484,602259
2021-11-16,44.099998474121094,44.849998474121094,43.95000076293945,44.5,40.83149719238281,832486
2021-11-17,44.849998474121094,44.900001525878906,43.599998474121094,43.70000076293945,40.09744644165039,720645
2021-11-18,43.70000076293945,44.0,43.70000076293945,43.79999923706055,40.18920135498047,405835
2021-11-19,44.25,44.25,43.29999923706055,43.29999923706055,39.73041915893555,488531
2021-11-22,43.29999923706055,44.150001525878906,43.25,43.95000076293945,40.326839447021484,476181
2021-11-23,44.0,44.150001525878906,43.5,43.54999923706055,39.95981216430664,306380
2021-11-24,43.54999923706055,44.29999923706055,43.54999923706055,44.29999923706055,40.64798355102539,475263
2021-11-25,44.45000076293945,44.70000076293945,44.099998474121094,44.25,40.60210418701172,395115
2021-11-26,44.20000076293945,44.54999923706055,43.25,43.5,39.91393280029297,630010
2021-11-29,44.45000076293945,47.849998474121094,44.400001525878906,47.849998474121094,43.90532684326172,9066219
2021-11-30,48.900001525878906,49.0,44.599998474121094,45.45000076293945,41.703182220458984,8129700
2021-12-01,46.29999923706055,48.150001525878906,44.900001525878906,45.099998474121094,41.38203430175781,5249406
2021-12-02,46.04999923706055,46.04999923706055,44.650001525878906,44.849998474121094,41.15264129638672,1673869
2021-12-03,44.79999923706055,45.099998474121094,44.5,44.599998474121094,40.92325210571289,839465
2021-12-06,44.79999923706055,44.79999923706055,44.25,44.349998474121094,40.69386291503906,566912
2021-12-07,44.349998474121094,44.650001525878906,44.099998474121094,44.5,40.83149719238281,581830
2021-12-08,44.54999923706055,45.25,44.54999923706055,44.75,41.06088638305664,652590
2021-12-09,45.0,45.20000076293945,44.70000076293945,44.70000076293945,41.015010833740234,419373
2021-12-10,46.900001525878906,47.150001525878906,44.900001525878906,44.900001525878906,41.198524475097656,1847800
2021-12-13,45.150001525878906,45.150001525878906,44.20000076293945,44.400001525878906,40.739742279052734,804312
2021-12-14,44.29999923706055,44.95000076293945,43.900001525878906,43.900001525878906,40.28096008300781,774530
2021-12-15,43.900001525878906,43.95000076293945,43.599998474121094,43.79999923706055,40.18920135498047,366701
2021-12-16,44.04999923706055,44.04999923706055,43.75,43.79999923706055,40.18920135498047,487593
2021-12-17,43.849998474121094,44.599998474121094,43.849998474121094,44.599998474121094,40.92325210571289,770648
2021-12-20,44.54999923706055,44.79999923706055,44.0,44.25,40.60210418701172,471107
2021-12-21,44.099998474121094,44.79999923706055,43.900001525878906,44.70000076293945,41.015010833740234,560087
2021-12-22,44.70000076293945,44.849998474121094,44.349998474121094,44.400001525878906,40.739742279052734,349851
2021-12-23,44.70000076293945,44.70000076293945,44.25,44.599998474121094,40.92325210571289,379050
2021-12-24,44.95000076293945,44.95000076293945,44.45000076293945,44.54999923706055,40.87737274169922,382313
2021-12-27,44.95000076293945,45.099998474121094,44.599998474121094,44.70000076293945,41.015010833740234,737698
2021-12-28,44.75,45.150001525878906,44.75,44.849998474121094,41.15264129638672,424199
2021-12-29,44.849998474121094,45.400001525878906,44.849998474121094,45.150001525878906,41.427913665771484,512237
2021-12-30,45.29999923706055,45.349998474121094,44.849998474121094,44.95000076293945,41.24440002441406,409351
2022-01-03,45.29999923706055,45.599998474121094,45.0,45.04999923706055,41.33615493774414,660839
2022-01-04,45.349998474121094,46.25,45.099998474121094,46.20000076293945,42.391353607177734,1892356
2022-01-05,46.95000076293945,47.099998474121094,45.5,45.5,41.74905776977539,2355630
2022-01-06,46.0,48.0,45.900001525878906,46.150001525878906,42.34547424316406,4996055
2022-01-07,46.400001525878906,50.70000076293945,46.29999923706055,50.70000076293945,46.52037811279297,16122384
2022-01-10,53.29999923706055,55.70000076293945,53.29999923706055,55.70000076293945,51.108184814453125,13987546
2022-01-11,56.79999923706055,56.900001525878906,50.20000076293945,50.20000076293945,46.06159973144531,25962242
2022-01-12,49.45000076293945,53.79999923706055,49.29999923706055,50.0,45.878082275390625,56600975
2022-01-13,49.5,52.70000076293945,48.349998474121094,50.599998474121094,46.42862319946289,40265789
2022-01-14,49.20000076293945,51.599998474121094,49.20000076293945,49.5,45.41930389404297,21528710
2022-01-17,49.0,51.400001525878906,49.0,49.25,45.18991470336914,9460972
2022-01-18,49.849998474121094,49.95000076293945,47.599998474121094,47.70000076293945,43.76769256591797,6676203
2022-01-19,48.349998474121094,48.79999923706055,47.400001525878906,47.400001525878906,43.492427825927734,4178801
2022-01-20,47.400001525878906,47.599998474121094,45.900001525878906,46.0,42.20783996582031,3943404
2022-01-21,46.0,48.599998474121094,45.54999923706055,46.599998474121094,42.75837707519531,7838702
2022-01-24,49.20000076293945,49.849998474121094,47.599998474121094,47.75,43.81357192993164,9553681
2022-01-25,47.20000076293945,47.29999923706055,45.5,45.599998474121094,41.84081268310547,4383306
2022-01-26,44.75,45.849998474121094,44.599998474121094,45.25,41.51966857910156,3835000
2022-02-07,44.0,45.29999923706055,44.0,45.29999923706055,41.56554412841797,1739176
2022-02-08,45.29999923706055,45.29999923706055,44.349998474121094,44.650001525878906,40.96913146972656,2208201
2022-02-09,46.0,46.0,44.650001525878906,44.900001525878906,41.198524475097656,1533649
2022-02-10,45.20000076293945,45.20000076293945,44.5,44.95000076293945,41.24440002441406,1080251
2022-02-11,45.25,47.04999923706055,45.25,45.29999923706055,41.56554412841797,5074969
2022-02-14,45.0,45.150001525878906,44.349998474121094,44.45000076293945,40.78561782836914,1332071
2022-02-15,44.5,44.70000076293945,44.20000076293945,44.20000076293945,40.55622863769531,1260491
2022-02-16,44.54999923706055,44.70000076293945,44.349998474121094,44.349998474121094,40.69386291503906,595129
2022-02-17,44.400001525878906,44.70000076293945,44.20000076293945,44.29999923706055,40.64798355102539,864231
2022-02-18,44.150001525878906,45.0,44.04999923706055,44.70000076293945,41.015010833740234,1120300
2022-02-21,44.400001525878906,45.54999923706055,44.29999923706055,45.0,41.29027557373047,1624261
2022-02-22,44.79999923706055,45.29999923706055,44.150001525878906,44.20000076293945,40.55622863769531,1061657
2022-02-23,44.20000076293945,44.650001525878906,44.20000076293945,44.45000076293945,40.78561782836914,707745
2022-02-24,44.25,45.5,43.25,43.29999923706055,39.73041915893555,2284680
2022-02-25,43.5,43.75,43.25,43.25,39.68454360961914,1091247
2022-03-01,43.599998474121094,43.70000076293945,43.25,43.45000076293945,39.86805725097656,595100
2022-03-02,43.849998474121094,43.849998474121094,43.400001525878906,43.5,39.91393280029297,437101
2022-03-03,43.650001525878906,43.900001525878906,43.45000076293945,43.650001525878906,40.051570892333984,566722
2022-03-04,43.400001525878906,43.599998474121094,43.25,43.349998474121094,39.77629852294922,582213
2022-03-07,43.20000076293945,43.20000076293945,41.400001525878906,41.75,38.30820083618164,1444420
2022-03-08,41.5,41.900001525878906,40.45000076293945,40.45000076293945,37.11537170410156,1406641
2022-03-09,40.75,41.400001525878906,40.5,41.349998474121094,37.9411735534668,825578
2022-03-10,41.79999923706055,42.29999923706055,41.599998474121094,41.75,38.30820083618164,821045
2022-03-11,41.400001525878906,42.20000076293945,41.29999923706055,41.29999923706055,37.89529800415039,510257
2022-03-14,41.5,41.70000076293945,41.0,41.54999923706055,38.12468719482422,527591
2022-03-15,41.79999923706055,41.79999923706055,40.849998474121094,40.900001525878906,37.52827835083008,612265
2022-03-16,41.04999923706055,41.349998474121094,40.79999923706055,41.099998474121094,37.71178436279297,743541
2022-03-17,41.45000076293945,42.150001525878906,41.45000076293945,42.04999923706055,38.58346939086914,1066462
2022-03-18,42.04999923706055,42.400001525878906,41.599998474121094,42.400001525878906,38.90462112426758,500475
2022-03-21,42.54999923706055,42.849998474121094,42.099998474121094,42.349998474121094,38.858734130859375,368435
2022-03-22,42.25,42.29999923706055,41.70000076293945,41.900001525878906,38.445838928222656,428302
2022-03-23,42.150001525878906,42.45000076293945,42.04999923706055,42.349998474121094,38.858734130859375,550372
2022-03-24,42.349998474121094,42.75,41.75,42.650001525878906,39.134010314941406,620400
2022-03-25,43.0,43.0,42.099998474121094,42.25,38.76698303222656,570738
2022-03-28,44.900001525878906,46.20000076293945,44.599998474121094,44.79999923706055,41.10676193237305,8055958
2022-03-29,43.70000076293945,43.900001525878906,42.650001525878906,43.0,39.45515441894531,2736202
2022-03-30,42.70000076293945,44.099998474121094,42.70000076293945,43.95000076293945,40.326839447021484,1533329
2022-03-31,44.099998474121094,44.54999923706055,43.5,43.79999923706055,40.18920135498047,1632646
2022-04-01,44.20000076293945,45.599998474121094,43.650001525878906,43.70000076293945,40.09744644165039,4167503
2022-04-06,44.95000076293945,45.349998474121094,43.54999923706055,43.599998474121094,40.00569152832031,1842101
2022-04-07,44.29999923706055,44.29999923706055,42.70000076293945,42.75,39.22576141357422,1452815
2022-04-08,42.79999923706055,43.099998474121094,42.650001525878906,42.79999923706055,39.27164077758789,444007
2022-04-11,43.04999923706055,43.150001525878906,42.04999923706055,42.099998474121094,38.62934494018555,946460
2022-04-12,42.099998474121094,42.099998474121094,41.54999923706055,41.75,38.30820083618164,591900
2022-04-13,41.79999923706055,42.5,41.79999923706055,42.25,38.76698303222656,444661
2022-04-14,42.54999923706055,43.650001525878906,42.5,43.54999923706055,39.95981216430664,1141775
2022-04-15,43.0,43.54999923706055,42.5,43.150001525878906,39.59279251098633,1088821
2022-04-18,43.650001525878906,44.150001525878906,43.349998474121094,43.45000076293945,39.86805725097656,1630245
2022-04-19,43.5,43.5,42.650001525878906,42.849998474121094,39.3175163269043,790206
2022-04-20,43.099998474121094,43.79999923706055,42.900001525878906,43.70000076293945,40.09744644165039,1108100
2022-04-21,44.0,44.45000076293945,43.849998474121094,44.04999923706055,40.4185905456543,1247360
2022-04-22,44.20000076293945,48.45000076293945,44.099998474121094,48.45000076293945,44.45586395263672,15818948
2022-04-25,50.0,53.0,45.20000076293945,45.20000076293945,41.47378921508789,61052944
2022-04-26,46.79999923706055,47.29999923706055,43.599998474121094,44.70000076293945,41.015010833740234,15829215
2022-04-27,44.20000076293945,46.650001525878906,43.150001525878906,45.25,41.51966857910156,8685640
2022-04-28,44.900001525878906,46.5,44.849998474121094,45.04999923706055,41.33615493774414,4820756
2022-04-29,45.04999923706055,45.400001525878906,44.29999923706055,44.54999923706055,40.87737274169922,2615473
2022-05-03,44.150001525878906,44.849998474121094,44.04999923706055,44.150001525878906,40.510353088378906,1226574
2022-05-04,44.150001525878906,45.79999923706055,44.099998474121094,44.150001525878906,40.510353088378906,1864441
2022-05-05,44.349998474121094,44.650001525878906,43.70000076293945,43.70000076293945,40.09744644165039,1468081
2022-05-06,42.849998474121094,43.29999923706055,42.54999923706055,43.0,39.45515441894531,1832147
2022-05-09,43.400001525878906,44.0,42.849998474121094,42.849998474121094,39.3175163269043,2353290
2022-05-10,42.79999923706055,42.79999923706055,41.849998474121094,42.20000076293945,38.721107482910156,988926
2022-05-11,42.20000076293945,42.349998474121094,41.900001525878906,42.0,38.53759002685547,660526
2022-05-12,41.79999923706055,41.900001525878906,40.900001525878906,40.95000076293945,37.574153900146484,1378572
2022-05-13,40.5,41.349998474121094,40.5,41.150001525878906,37.757667541503906,802437
2022-05-16,41.20000076293945,42.599998474121094,41.20000076293945,42.400001525878906,38.90462112426758,1088762
2022-05-17,41.900001525878906,42.5,41.70000076293945,41.849998474121094,38.39995574951172,686366
2022-05-18,41.75,42.349998474121094,41.75,42.04999923706055,38.58346939086914,612052
2022-05-19,41.29999923706055,42.599998474121094,41.29999923706055,41.599998474121094,38.170562744140625,727625
2022-05-20,41.75,42.04999923706055,41.70000076293945,41.79999923706055,38.35407638549805,300128
2022-05-23,41.900001525878906,42.79999923706055,41.900001525878906,42.25,38.76698303222656,620700
2022-05-24,42.29999923706055,42.650001525878906,41.95000076293945,41.95000076293945,38.49171447753906,464588
2022-05-25,42.099998474121094,42.29999923706055,41.79999923706055,42.150001525878906,38.675228118896484,270048
2022-05-26,42.400001525878906,43.0,41.900001525878906,42.099998474121094,38.62934494018555,513426
2022-05-27,42.25,42.54999923706055,42.0,42.0,38.53759002685547,260595
2022-05-30,42.099998474121094,42.650001525878906,42.04999923706055,42.599998474121094,39.08812713623047,591204
2022-05-31,42.75,42.849998474121094,42.099998474121094,42.849998474121094,39.3175163269043,366100
2022-06-01,42.70000076293945,42.79999923706055,42.25,42.349998474121094,38.858734130859375,478100
2022-06-02,42.45000076293945,42.45000076293945,42.04999923706055,42.29999923706055,38.81285858154297,244750
2022-06-06,42.29999923706055,42.45000076293945,42.099998474121094,42.29999923706055,38.81285858154297,194200
2022-06-07,42.25,42.54999923706055,41.95000076293945,42.54999923706055,39.0422477722168,314155
2022-06-08,42.79999923706055,42.79999923706055,42.349998474121094,42.650001525878906,39.134010314941406,213475
2022-06-09,42.400001525878906,42.75,42.20000076293945,42.599998474121094,39.08812713623047,356339
2022-06-10,42.45000076293945,42.45000076293945,41.75,41.95000076293945,38.49171447753906,737549
2022-06-13,41.0,41.349998474121094,40.79999923706055,40.95000076293945,37.574153900146484,692450
2022-06-14,40.79999923706055,40.79999923706055,40.0,40.5,37.161251068115234,791020
2022-06-15,40.54999923706055,41.150001525878906,40.45000076293945,41.0,37.62002944946289,481246
2022-06-16,41.150001525878906,41.400001525878906,40.400001525878906,40.5,37.161251068115234,601251
2022-06-17,40.5,40.5,39.79999923706055,40.0,36.70246887207031,1010020
2022-06-20,40.0,40.29999923706055,39.0,39.04999923706055,35.83078384399414,790100
2022-06-21,39.25,40.29999923706055,39.25,40.20000076293945,36.885982513427734,624000
2022-06-22,40.099998474121094,40.20000076293945,39.150001525878906,39.29999923706055,36.06017303466797,630158
2022-06-23,39.54999923706055,39.849998474121094,39.099998474121094,39.099998474121094,35.87665939331055,621055
2022-06-24,39.45000076293945,40.45000076293945,39.45000076293945,40.099998474121094,36.79422378540039,779150
2022-06-27,40.849998474121094,41.349998474121094,40.75,41.349998474121094,37.9411735534668,714421
2022-06-28,41.099998474121094,41.099998474121094,40.45000076293945,40.599998474121094,37.25300216674805,423091
2022-06-29,40.599998474121094,40.900001525878906,40.0,40.099998474121094,36.79422378540039,356460
2022-06-30,39.900001525878906,40.099998474121094,39.20000076293945,40.099998474121094,36.79422378540039,639131
2022-07-01,40.400001525878906,40.400001525878906,38.599998474121094,38.849998474121094,35.64727020263672,1035160
2022-07-04,38.70000076293945,39.0,38.150001525878906,38.79999923706055,35.60139465332031,683001
2022-07-05,39.599998474121094,40.5,39.150001525878906,39.900001525878906,36.610713958740234,1070566
2022-07-06,38.099998474121094,38.400001525878906,37.5,38.150001525878906,36.51499938964844,399115
2022-07-07,38.20000076293945,38.400001525878906,37.599998474121094,38.150001525878906,36.51499938964844,342365
2022-07-08,38.150001525878906,38.599998474121094,37.95000076293945,38.099998474121094,36.467140197753906,298325
2022-07-11,38.25,38.29999923706055,37.70000076293945,38.20000076293945,36.56285858154297,191264
2022-07-12,37.79999923706055,37.79999923706055,36.599998474121094,37.45000076293945,35.845001220703125,782183
2022-07-13,37.70000076293945,38.0,37.20000076293945,37.29999923706055,35.7014274597168,711000
2022-07-14,36.70000076293945,38.04999923706055,36.70000076293945,38.04999923706055,36.41928482055664,723230
2022-07-15,38.099998474121094,38.29999923706055,37.599998474121094,38.099998474121094,36.467140197753906,422062
2022-07-18,38.599998474121094,38.79999923706055,37.900001525878906,38.45000076293945,36.80214309692383,384522
2022-07-19,38.45000076293945,39.5,38.349998474121094,39.5,37.8071403503418,776079
2022-07-20,40.0,40.5,39.29999923706055,39.5,37.8071403503418,915302
2022-07-21,39.29999923706055,40.20000076293945,39.29999923706055,40.20000076293945,38.477142333984375,676950
2022-07-22,40.54999923706055,40.75,39.900001525878906,40.25,38.52499771118164,979100
2022-07-25,39.79999923706055,40.70000076293945,39.349998474121094,40.400001525878906,38.66857147216797,386450
2022-07-26,40.150001525878906,40.599998474121094,39.900001525878906,40.29999923706055,38.57285690307617,342500
2022-07-27,40.5,40.900001525878906,40.45000076293945,40.650001525878906,38.90785598754883,429100
2022-07-28,40.849998474121094,40.95000076293945,40.349998474121094,40.45000076293945,38.716426849365234,356100
2022-07-29,40.5,40.849998474121094,40.150001525878906,40.54999923706055,38.81214141845703,355295
2022-08-01,40.70000076293945,41.20000076293945,40.400001525878906,40.900001525878906,39.14714431762695,408780
2022-08-02,40.599998474121094,41.5,40.25,41.5,39.72142791748047,1068253
2022-08-03,41.45000076293945,42.20000076293945,41.20000076293945,41.95000076293945,40.15214157104492,1483618
2022-08-04,42.04999923706055,43.29999923706055,42.04999923706055,43.150001525878906,41.300716400146484,3276968
2022-08-05,43.150001525878906,43.150001525878906,42.099998474121094,42.099998474121094,40.295711517333984,1074360
2022-08-08,42.150001525878906,42.150001525878906,41.150001525878906,41.25,39.48214340209961,461476
2022-08-09,41.349998474121094,41.349998474121094,40.650001525878906,40.849998474121094,39.099281311035156,326000
2022-08-10,40.599998474121094,41.79999923706055,40.5,41.400001525878906,39.62571334838867,310808
2022-08-11,41.400001525878906,42.20000076293945,41.04999923706055,41.150001525878906,39.38642883300781,228079
2022-08-12,41.5,41.5,40.75,40.900001525878906,39.14714431762695,294226
2022-08-15,40.79999923706055,40.900001525878906,40.54999923706055,40.650001525878906,38.90785598754883,246500
2022-08-16,40.650001525878906,41.0,40.650001525878906,40.849998474121094,39.099281311035156,101234
2022-08-17,40.849998474121094,41.5,40.79999923706055,41.29999923706055,39.529998779296875,356002
2022-08-18,41.29999923706055,41.29999923706055,40.95000076293945,41.099998474121094,39.33856964111328,185401
2022-08-19,40.900001525878906,41.75,40.849998474121094,41.75,39.96071243286133,369163
2022-08-22,41.75,42.29999923706055,41.45000076293945,41.900001525878906,40.104286193847656,281000
2022-08-23,41.400001525878906,41.45000076293945,41.099998474121094,41.20000076293945,39.43428421020508,125673
2022-08-24,41.04999923706055,42.0,41.04999923706055,41.599998474121094,39.817138671875,421425
2022-08-25,42.0,42.099998474121094,41.70000076293945,41.900001525878906,40.104286193847656,337525
2022-08-26,42.0,42.0,41.70000076293945,41.900001525878906,40.104286193847656,220959
2022-08-29,41.099998474121094,41.20000076293945,40.70000076293945,41.0,39.242855072021484,309355
2022-08-30,40.70000076293945,41.20000076293945,40.70000076293945,40.900001525878906,39.14714431762695,205271
2022-08-31,40.900001525878906,41.400001525878906,40.79999923706055,41.0,39.242855072021484,225331
2022-09-01,40.79999923706055,40.900001525878906,40.5,40.70000076293945,38.95571517944336,290343
2022-09-02,40.79999923706055,40.900001525878906,40.20000076293945,40.25,38.52499771118164,299857
2022-09-05,40.75,40.75,40.0,40.45000076293945,38.716426849365234,160300
2022-09-06,40.70000076293945,40.70000076293945,40.04999923706055,40.099998474121094,38.38142776489258,185100
2022-09-07,40.099998474121094,40.099998474121094,39.75,39.75,38.04642868041992,290321
2022-09-08,39.900001525878906,40.20000076293945,39.900001525878906,40.150001525878906,38.42928695678711,98414
2022-09-12,40.25,40.70000076293945,40.0,40.29999923706055,38.57285690307617,138906
2022-09-13,40.5,40.70000076293945,40.29999923706055,40.400001525878906,38.66857147216797,107854
2022-09-14,39.650001525878906,40.400001525878906,39.650001525878906,39.95000076293945,38.237857818603516,181291
2022-09-15,40.04999923706055,40.79999923706055,40.0,40.70000076293945,38.95571517944336,300989
2022-09-16,40.849998474121094,40.95000076293945,40.099998474121094,40.25,38.52499771118164,368929
2022-09-19,41.0,41.04999923706055,39.95000076293945,40.400001525878906,38.66857147216797,416354
2022-09-20,40.849998474121094,41.150001525878906,39.849998474121094,40.349998474121094,38.62071228027344,710013
2022-09-21,40.25,40.45000076293945,39.25,39.849998474121094,38.14213943481445,687340
2022-09-22,40.150001525878906,40.150001525878906,39.04999923706055,39.400001525878906,37.711429595947266,633202
2022-09-23,39.599998474121094,40.75,39.0,39.0,37.32857131958008,578617
2022-09-26,39.20000076293945,39.20000076293945,37.599998474121094,37.70000076293945,36.084285736083984,723624
2022-09-27,38.0,38.20000076293945,37.349998474121094,37.75,36.13214111328125,416000
2022-09-28,37.75,37.75,36.20000076293945,36.25,34.69642639160156,819935
2022-09-29,36.900001525878906,38.150001525878906,36.75,37.900001525878906,36.27571487426758,885104
2022-09-30,36.849998474121094,37.900001525878906,36.849998474121094,37.75,36.13214111328125,457237
2022-10-03,36.900001525878906,37.70000076293945,36.900001525878906,37.150001525878906,35.557857513427734,164168
2022-10-04,37.5,37.79999923706055,37.400001525878906,37.650001525878906,36.03643035888672,199209
2022-10-05,37.650001525878906,37.900001525878906,37.45000076293945,37.599998474121094,35.98856735229492,244200
2022-10-06,37.599998474121094,37.79999923706055,37.349998474121094,37.599998474121094,35.98856735229492,158008
2022-10-07,37.70000076293945,37.900001525878906,37.400001525878906,37.650001525878906,36.03643035888672,221100
2022-10-11,37.599998474121094,37.599998474121094,36.54999923706055,36.650001525878906,35.07928466796875,363768
2022-10-12,36.54999923706055,36.95000076293945,36.29999923706055,36.45000076293945,34.887855529785156,254854
2022-10-13,36.400001525878906,36.45000076293945,35.20000076293945,35.20000076293945,33.691429138183594,547200
2022-10-14,35.45000076293945,35.900001525878906,35.400001525878906,35.45000076293945,33.93071365356445,338149
2022-10-17,35.349998474121094,35.349998474121094,34.150001525878906,35.099998474121094,33.59571075439453,429001
2022-10-18,35.45000076293945,35.650001525878906,35.099998474121094,35.400001525878906,33.88285827636719,221001
2022-10-19,35.29999923706055,36.25,35.29999923706055,35.70000076293945,34.16999816894531,372200
2022-10-20,36.0,36.0,33.599998474121094,33.599998474121094,32.159996032714844,1256796
2022-10-21,34.0,34.400001525878906,33.849998474121094,33.95000076293945,32.494998931884766,275001
2022-10-24,34.599998474121094,35.29999923706055,34.599998474121094,34.900001525878906,33.4042854309082,287209
2022-10-25,34.95000076293945,35.25,34.400001525878906,34.5,33.021427154541016,216001
2022-10-26,34.5,34.79999923706055,34.150001525878906,34.599998474121094,33.11714172363281,184168
2022-10-27,34.650001525878906,35.0,34.650001525878906,35.0,33.5,122201
2022-10-28,35.0,35.70000076293945,34.599998474121094,34.599998474121094,33.11714172363281,217200
2022-10-31,34.599998474121094,35.20000076293945,34.5,34.900001525878906,33.4042854309082,153065
2022-11-01,34.900001525878906,36.599998474121094,34.900001525878906,35.900001525878906,34.361427307128906,843580
2022-11-02,35.900001525878906,36.099998474121094,35.599998474121094,35.79999923706055,34.26571273803711,156965
2022-11-03,35.5,36.25,35.45000076293945,36.099998474121094,34.5528564453125,279600
2022-11-04,36.099998474121094,36.25,35.79999923706055,36.099998474121094,34.5528564453125,190086
2022-11-07,36.099998474121094,36.70000076293945,36.099998474121094,36.54999923706055,34.98357009887695,238550
2022-11-08,36.599998474121094,36.900001525878906,36.599998474121094,36.650001525878906,35.07928466796875,160937
2022-11-09,36.79999923706055,37.0,36.650001525878906,36.95000076293945,35.36642837524414,229703
2022-11-10,36.95000076293945,36.95000076293945,36.150001525878906,36.45000076293945,34.887855529785156,220172
2022-11-11,37.20000076293945,37.20000076293945,36.75,36.900001525878906,35.318572998046875,231260
2022-11-14,36.849998474121094,37.54999923706055,36.849998474121094,37.400001525878906,35.797142028808594,318050
2022-11-15,37.29999923706055,37.29999923706055,36.900001525878906,37.0,35.414283752441406,267669
2022-11-16,37.0,37.5,36.29999923706055,36.29999923706055,34.744285583496094,363060
2022-11-17,36.349998474121094,36.54999923706055,36.150001525878906,36.25,34.69642639160156,114285
2022-11-18,36.099998474121094,36.400001525878906,36.04999923706055,36.20000076293945,34.6485710144043,135001
2022-11-21,36.20000076293945,36.349998474121094,36.099998474121094,36.29999923706055,34.744285583496094,70567
2022-11-22,36.29999923706055,36.599998474121094,36.25,36.5,34.93571472167969,111441
2022-11-23,36.95000076293945,36.95000076293945,36.349998474121094,36.79999923706055,35.22285461425781,158440
2022-11-24,36.900001525878906,37.099998474121094,36.79999923706055,37.0,35.414283752441406,253005
2022-11-25,37.0,37.45000076293945,37.0,37.20000076293945,35.605712890625,190100
2022-11-28,37.150001525878906,37.150001525878906,36.75,37.0,35.414283752441406,148044
2022-11-29,37.20000076293945,37.25,36.70000076293945,37.150001525878906,35.557857513427734,137004
2022-11-30,37.150001525878906,37.349998474121094,37.04999923706055,37.349998474121094,35.74928283691406,168500
2022-12-01,37.5,37.650001525878906,37.25,37.54999923706055,35.940711975097656,298101
2022-12-02,37.70000076293945,37.70000076293945,37.29999923706055,37.400001525878906,35.797142028808594,81222
2022-12-05,37.349998474121094,37.900001525878906,37.25,37.70000076293945,36.084285736083984,274844
2022-12-06,37.650001525878906,37.849998474121094,37.150001525878906,37.150001525878906,35.557857513427734,155954
2022-12-07,37.25,37.400001525878906,36.900001525878906,37.349998474121094,35.74928283691406,165100
2022-12-08,37.0,37.5,37.0,37.5,35.89285659790039,84349
2022-12-09,38.0,38.400001525878906,37.79999923706055,38.099998474121094,36.467140197753906,449301
2022-12-12,38.599998474121094,38.599998474121094,37.75,38.0,36.371429443359375,246011
2022-12-13,38.0,38.29999923706055,37.70000076293945,37.95000076293945,36.323570251464844,248161
2022-12-14,38.0,38.29999923706055,37.95000076293945,37.95000076293945,36.323570251464844,278531
2022-12-15,37.79999923706055,38.150001525878906,37.599998474121094,38.04999923706055,36.41928482055664,155150
2022-12-16,37.599998474121094,38.20000076293945,37.599998474121094,37.900001525878906,36.27571487426758,192150
2022-12-19,37.599998474121094,40.0,37.599998474121094,37.79999923706055,36.179996490478516,1475000
2022-12-20,38.900001525878906,40.25,37.599998474121094,38.25,36.610713958740234,1712663
2022-12-21,38.25,38.400001525878906,37.79999923706055,37.79999923706055,36.179996490478516,433085
2022-12-22,38.20000076293945,39.150001525878906,38.0,38.20000076293945,36.56285858154297,433264
2022-12-23,38.150001525878906,38.849998474121094,37.79999923706055,38.04999923706055,36.41928482055664,336020
2022-12-26,38.04999923706055,38.70000076293945,38.0,38.099998474121094,36.467140197753906,181085
2022-12-27,38.5,38.5,38.04999923706055,38.099998474121094,36.467140197753906,151001
2022-12-28,38.0,38.0,37.75,37.75,36.13214111328125,173201
2022-12-29,37.54999923706055,37.70000076293945,37.29999923706055,37.5,35.89285659790039,211300
2022-12-30,37.54999923706055,37.900001525878906,37.54999923706055,37.79999923706055,36.179996490478516,132700
2023-01-03,37.5,37.75,37.45000076293945,37.599998474121094,35.98856735229492,101404
2023-01-04,37.599998474121094,37.900001525878906,37.599998474121094,37.75,36.13214111328125,91005
2023-01-05,37.900001525878906,39.599998474121094,37.900001525878906,39.29999923706055,37.6157112121582,2391782
2023-01-06,39.5,39.599998474121094,38.70000076293945,39.04999923706055,37.376426696777344,1367027
2023-01-09,39.29999923706055,39.349998474121094,38.79999923706055,38.95000076293945,37.28071212768555,564416
2023-01-10,38.79999923706055,39.5,38.79999923706055,39.0,37.32857131958008,363079
2023-01-11,39.04999923706055,39.150001525878906,38.70000076293945,38.75,37.08928298950195,180884
2023-01-12,38.75,39.0,38.5,38.5,36.849998474121094,144314
2023-01-13,38.45000076293945,38.70000076293945,38.45000076293945,38.54999923706055,36.89785385131836,167182
2023-01-16,38.45000076293945,39.0,38.45000076293945,38.54999923706055,36.89785385131836,189634
2023-01-17,38.54999923706055,39.0,38.54999923706055,38.79999923706055,37.137142181396484,271633
2023-01-30,38.849998474121094,39.099998474121094,38.5,38.5,36.849998474121094,257141
2023-01-31,38.54999923706055,39.0,38.54999923706055,39.0,37.32857131958008,238554
2023-02-01,39.099998474121094,39.20000076293945,38.79999923706055,38.95000076293945,37.28071212768555,236351
2023-02-02,38.95000076293945,39.349998474121094,38.95000076293945,39.25,37.56785583496094,398051
2023-02-03,39.150001525878906,39.54999923706055,39.0,39.5,37.8071403503418,451123
2023-02-06,39.5,39.650001525878906,39.29999923706055,39.349998474121094,37.663570404052734,392003
2023-02-07,39.400001525878906,39.70000076293945,39.349998474121094,39.349998474121094,37.663570404052734,298051
2023-02-08,39.349998474121094,39.45000076293945,39.29999923706055,39.349998474121094,37.663570404052734,231527
2023-02-09,39.349998474121094,39.5,39.349998474121094,39.45000076293945,37.75928497314453,208031
2023-02-10,39.45000076293945,39.45000076293945,38.95000076293945,38.95000076293945,37.28071212768555,308104
2023-02-13,38.75,38.95000076293945,38.54999923706055,38.54999923706055,36.89785385131836,229203
2023-02-14,38.599998474121094,38.70000076293945,38.54999923706055,38.70000076293945,37.04142761230469,100270
2023-02-15,38.70000076293945,38.900001525878906,38.400001525878906,38.5,36.849998474121094,130437
2023-02-16,38.5,38.79999923706055,38.5,38.75,37.08928298950195,183001
2023-02-17,38.849998474121094,38.849998474121094,38.349998474121094,38.400001525878906,36.75428771972656,177242
2023-02-20,38.5,38.849998474121094,38.20000076293945,38.45000076293945,36.80214309692383,235978
2023-02-21,38.349998474121094,38.5,38.25,38.349998474121094,36.706424713134766,210509
2023-02-22,38.20000076293945,38.349998474121094,38.04999923706055,38.25,36.610713958740234,153463
2023-02-23,38.25,38.75,38.25,38.599998474121094,36.94571304321289,330209
2023-02-24,38.70000076293945,38.75,38.20000076293945,38.20000076293945,36.56285858154297,329186
2023-03-01,38.20000076293945,38.20000076293945,37.849998474121094,37.849998474121094,36.22785568237305,275136
2023-03-02,38.04999923706055,38.04999923706055,37.75,37.900001525878906,36.27571487426758,156639
2023-03-03,38.0,38.45000076293945,37.900001525878906,38.400001525878906,36.75428771972656,191610
2023-03-06,38.650001525878906,38.650001525878906,38.400001525878906,38.5,36.849998474121094,176505
2023-03-07,38.5,38.599998474121094,38.45000076293945,38.5,36.849998474121094,147251
2023-03-08,38.29999923706055,38.599998474121094,38.20000076293945,38.54999923706055,36.89785385131836,173056
2023-03-09,38.75,38.75,38.5,38.599998474121094,36.94571304321289,187401
2023-03-10,38.599998474121094,38.599998474121094,38.04999923706055,38.150001525878906,36.51499938964844,348013
2023-03-13,38.150001525878906,38.349998474121094,37.79999923706055,38.29999923706055,36.6585693359375,203562
2023-03-14,38.29999923706055,38.29999923706055,37.95000076293945,38.099998474121094,36.467140197753906,189025
2023-03-15,38.04999923706055,38.150001525878906,37.79999923706055,37.849998474121094,36.22785568237305,116395
2023-03-16,38.099998474121094,38.099998474121094,37.70000076293945,37.79999923706055,36.179996490478516,242003
2023-03-17,37.900001525878906,38.0,37.79999923706055,37.900001525878906,36.27571487426758,130473
2023-03-20,38.0,38.099998474121094,37.900001525878906,37.95000076293945,36.323570251464844,104369
2023-03-21,38.04999923706055,38.099998474121094,37.95000076293945,38.0,36.371429443359375,178002
2023-03-22,38.349998474121094,38.349998474121094,38.04999923706055,38.04999923706055,36.41928482055664,89530
2023-03-23,38.0,38.150001525878906,37.900001525878906,38.04999923706055,36.41928482055664,109299
2023-03-24,38.0,38.20000076293945,38.0,38.20000076293945,36.56285858154297,293100
2023-03-27,38.20000076293945,38.25,38.099998474121094,38.150001525878906,36.51499938964844,57077
2023-03-28,38.150001525878906,38.150001525878906,38.0,38.099998474121094,36.467140197753906,91299
2023-03-29,38.099998474121094,38.20000076293945,38.0,38.04999923706055,36.41928482055664,82109
2023-03-30,38.04999923706055,38.04999923706055,37.900001525878906,37.95000076293945,36.323570251464844,133059
2023-03-31,38.0,38.20000076293945,37.900001525878906,37.95000076293945,36.323570251464844,154400
2023-04-06,37.95000076293945,38.04999923706055,37.849998474121094,37.95000076293945,36.323570251464844,157121
2023-04-07,38.349998474121094,38.349998474121094,38.0,38.04999923706055,36.41928482055664,97000
2023-04-10,38.099998474121094,38.599998474121094,38.099998474121094,38.54999923706055,36.89785385131836,255663
2023-04-11,38.599998474121094,38.70000076293945,38.099998474121094,38.5,36.849998474121094,153264
2023-04-12,38.54999923706055,38.650001525878906,38.45000076293945,38.54999923706055,36.89785385131836,121001
2023-04-13,38.54999923706055,38.650001525878906,38.45000076293945,38.45000076293945,36.80214309692383,130298
2023-04-14,38.5,38.5,38.25,38.45000076293945,36.80214309692383,159887
2023-04-17,38.45000076293945,39.0,38.400001525878906,38.79999923706055,37.137142181396484,417434
2023-04-18,38.70000076293945,38.70000076293945,38.54999923706055,38.599998474121094,36.94571304321289,159385
2023-04-19,38.849998474121094,38.849998474121094,38.349998474121094,38.5,36.849998474121094,159000
2023-04-20,38.5,38.5,38.20000076293945,38.20000076293945,36.56285858154297,193240
2023-04-21,38.20000076293945,38.25,38.0,38.150001525878906,36.51499938964844,244100
2023-04-24,38.099998474121094,38.25,38.04999923706055,38.150001525878906,36.51499938964844,112376
2023-04-25,38.20000076293945,38.20000076293945,37.900001525878906,38.04999923706055,36.41928482055664,138000
2023-04-26,38.04999923706055,38.29999923706055,37.95000076293945,38.29999923706055,36.6585693359375,130321
2023-04-27,38.20000076293945,38.349998474121094,38.0,38.099998474121094,36.467140197753906,60513
2023-04-28,38.29999923706055,38.45000076293945,38.20000076293945,38.400001525878906,36.75428771972656,152277
2023-05-02,38.349998474121094,38.650001525878906,38.25,38.5,36.849998474121094,185300
2023-05-03,38.54999923706055,38.54999923706055,38.099998474121094,38.5,36.849998474121094,90001
2023-05-04,38.150001525878906,38.5,38.150001525878906,38.45000076293945,36.80214309692383,51214
2023-05-05,38.650001525878906,38.650001525878906,38.400001525878906,38.54999923706055,36.89785385131836,99092
2023-05-08,38.54999923706055,38.54999923706055,38.349998474121094,38.5,36.849998474121094,72001
2023-05-09,38.5,38.5,38.29999923706055,38.349998474121094,36.706424713134766,92414
2023-05-10,38.349998474121094,38.400001525878906,38.150001525878906,38.400001525878906,36.75428771972656,89000
2023-05-11,38.45000076293945,38.45000076293945,38.0,38.20000076293945,36.56285858154297,140020
2023-05-12,38.45000076293945,38.45000076293945,38.04999923706055,38.25,36.610713958740234,63000
2023-05-15,38.29999923706055,38.400001525878906,37.900001525878906,38.400001525878906,36.75428771972656,113632
2023-05-16,38.349998474121094,38.599998474121094,38.150001525878906,38.54999923706055,36.89785385131836,178049
2023-05-17,38.599998474121094,39.0,38.25,38.900001525878906,37.23285675048828,490845
2023-05-18,38.650001525878906,38.79999923706055,38.5,38.70000076293945,37.04142761230469,130100
2023-05-19,38.79999923706055,38.79999923706055,38.5,38.599998474121094,36.94571304321289,87100
2023-05-22,38.5,38.54999923706055,38.45000076293945,38.5,36.849998474121094,114250
2023-05-23,38.5,38.849998474121094,38.5,38.650001525878906,36.99357223510742,94250
2023-05-24,38.70000076293945,39.0,38.54999923706055,38.95000076293945,37.28071212768555,354061
2023-05-25,38.849998474121094,38.900001525878906,38.650001525878906,38.75,37.08928298950195,96520
2023-05-26,38.54999923706055,38.650001525878906,38.20000076293945,38.349998474121094,36.706424713134766,326002
2023-05-29,38.349998474121094,38.400001525878906,38.20000076293945,38.29999923706055,36.6585693359375,168200
2023-05-30,38.20000076293945,38.400001525878906,38.20000076293945,38.29999923706055,36.6585693359375,155462
2023-05-31,38.29999923706055,38.54999923706055,38.29999923706055,38.349998474121094,36.706424713134766,289282
2023-06-01,38.650001525878906,38.650001525878906,38.400001525878906,38.5,36.849998474121094,109500
2023-06-02,38.54999923706055,38.650001525878906,38.400001525878906,38.54999923706055,36.89785385131836,244116
2023-06-05,38.70000076293945,38.95000076293945,38.54999923706055,38.70000076293945,37.04142761230469,224198
2023-06-06,38.70000076293945,38.900001525878906,38.70000076293945,38.849998474121094,37.18499755859375,159261
2023-06-07,38.849998474121094,39.29999923706055,38.79999923706055,39.25,37.56785583496094,563078
2023-06-08,39.25,39.599998474121094,39.25,39.349998474121094,37.663570404052734,478132
2023-06-09,39.349998474121094,39.650001525878906,39.349998474121094,39.650001525878906,37.950714111328125,369448
2023-06-12,39.79999923706055,39.79999923706055,39.20000076293945,39.29999923706055,37.6157112121582,280125
2023-06-13,39.29999923706055,39.349998474121094,39.099998474121094,39.25,37.56785583496094,218502
2023-06-14,39.25,39.400001525878906,39.25,39.29999923706055,37.6157112121582,153125
2023-06-15,39.29999923706055,39.349998474121094,39.150001525878906,39.349998474121094,37.663570404052734,220011
2023-06-16,39.349998474121094,39.5,39.29999923706055,39.349998474121094,37.663570404052734,150294
2023-06-19,39.349998474121094,39.400001525878906,39.25,39.25,37.56785583496094,156169
2023-06-20,39.25,39.349998474121094,39.20000076293945,39.29999923706055,37.6157112121582,103060
2023-06-21,39.349998474121094,39.54999923706055,39.20000076293945,39.54999923706055,37.85499954223633,248351
2023-06-26,39.400001525878906,39.400001525878906,39.25,39.25,37.56785583496094,75100
2023-06-27,39.20000076293945,39.25,39.04999923706055,39.04999923706055,37.376426696777344,168000
2023-06-28,39.04999923706055,39.25,39.04999923706055,39.150001525878906,37.472145080566406,64675
2023-06-29,39.29999923706055,39.45000076293945,39.150001525878906,39.29999923706055,37.6157112121582,132350
2023-06-30,39.20000076293945,39.25,39.150001525878906,39.20000076293945,37.52000045776367,87000
2023-07-03,39.29999923706055,39.5,39.20000076293945,39.400001525878906,37.711429595947266,176525
2023-07-04,39.400001525878906,39.400001525878906,39.150001525878906,39.20000076293945,37.52000045776367,101032
2023-07-05,39.150001525878906,39.20000076293945,39.0,39.04999923706055,37.376426696777344,166223
2023-07-06,39.0,39.04999923706055,38.75,38.849998474121094,37.18499755859375,234664
2023-07-07,38.79999923706055,38.79999923706055,38.650001525878906,38.75,37.08928298950195,85001
2023-07-10,38.650001525878906,38.75,38.45000076293945,38.45000076293945,36.80214309692383,457255
2023-07-11,38.54999923706055,38.650001525878906,38.45000076293945,38.5,36.849998474121094,181236
2023-07-12,38.45000076293945,38.54999923706055,38.45000076293945,38.5,36.849998474121094,340903
2023-07-13,37.20000076293945,37.400001525878906,37.0,37.0,37.0,482484
2023-07-14,37.04999923706055,37.099998474121094,36.95000076293945,37.0,37.0,205587
2023-07-17,37.0,37.0,36.70000076293945,36.75,36.75,277804
2023-07-18,36.75,36.75,36.5,36.5,36.5,388515
2023-07-19,36.5,36.54999923706055,36.099998474121094,36.29999923706055,36.29999923706055,492020
2023-07-20,36.150001525878906,36.5,36.099998474121094,36.349998474121094,36.349998474121094,297161
2023-07-21,36.400001525878906,36.400001525878906,36.150001525878906,36.20000076293945,36.20000076293945,232627
2023-07-24,36.20000076293945,36.54999923706055,35.75,35.900001525878906,35.900001525878906,406575
2023-07-25,35.900001525878906,36.0,35.599998474121094,35.75,35.75,311272
2023-07-26,35.70000076293945,36.04999923706055,35.70000076293945,35.95000076293945,35.95000076293945,225408
2023-07-27,36.0,36.25,35.95000076293945,36.25,36.25,201151
2023-07-28,36.25,36.5,36.099998474121094,36.29999923706055,36.29999923706055,264035
2023-07-31,36.349998474121094,36.400001525878906,36.099998474121094,36.099998474121094,36.099998474121094,241000
2023-08-01,36.099998474121094,36.099998474121094,35.849998474121094,36.04999923706055,36.04999923706055,162005
2023-08-02,36.04999923706055,36.150001525878906,35.900001525878906,36.0,36.0,235500
2023-08-04,36.0,36.20000076293945,35.849998474121094,36.0,36.0,189012
2023-08-07,36.0,36.25,36.0,36.099998474121094,36.099998474121094,156307
2023-08-08,36.0,36.25,36.0,36.099998474121094,36.099998474121094,250194
2023-08-09,36.099998474121094,36.25,36.04999923706055,36.150001525878906,36.150001525878906,129010
2023-08-10,36.150001525878906,36.150001525878906,35.95000076293945,36.0,36.0,219567
2023-08-11,37.04999923706055,37.150001525878906,36.599998474121094,36.900001525878906,36.900001525878906,700214
2023-08-14,37.20000076293945,37.29999923706055,36.599998474121094,36.75,36.75,735451
2023-08-15,36.79999923706055,36.900001525878906,36.5,36.70000076293945,36.70000076293945,331155
2023-08-16,36.45000076293945,37.0,36.349998474121094,36.650001525878906,36.650001525878906,316008
2023-08-17,36.599998474121094,36.75,36.29999923706055,36.400001525878906,36.400001525878906,287000
2023-08-18,36.400001525878906,36.70000076293945,36.349998474121094,36.54999923706055,36.54999923706055,248062
2023-08-21,36.79999923706055,36.900001525878906,36.599998474121094,36.599998474121094,36.599998474121094,331100
2023-08-22,36.70000076293945,36.79999923706055,36.650001525878906,36.70000076293945,36.70000076293945,116199
2023-08-23,36.900001525878906,36.900001525878906,36.599998474121094,36.650001525878906,36.650001525878906,107202
2023-08-24,36.650001525878906,36.75,36.599998474121094,36.650001525878906,36.650001525878906,78001
2023-08-25,36.650001525878906,37.150001525878906,36.650001525878906,37.099998474121094,37.099998474121094,294200
2023-08-28,37.04999923706055,37.400001525878906,37.04999923706055,37.25,37.25,228434
2023-08-29,37.349998474121094,37.349998474121094,37.20000076293945,37.349998474121094,37.349998474121094,163658
2023-08-30,37.400001525878906,37.79999923706055,37.400001525878906,37.75,37.75,380150
2023-08-31,37.70000076293945,38.20000076293945,37.599998474121094,38.04999923706055,38.04999923706055,631381
2023-09-01,38.25,38.25,38.0,38.099998474121094,38.099998474121094,265201
2023-09-04,38.04999923706055,38.20000076293945,37.849998474121094,38.04999923706055,38.04999923706055,252050
2023-09-05,38.099998474121094,38.400001525878906,37.849998474121094,38.20000076293945,38.20000076293945,340000
2023-09-06,38.400001525878906,38.400001525878906,37.79999923706055,38.0,38.0,202593
2023-09-07,37.849998474121094,37.900001525878906,37.70000076293945,37.70000076293945,37.70000076293945,178000
2023-09-08,37.54999923706055,37.95000076293945,37.54999923706055,37.70000076293945,37.70000076293945,130409
2023-09-11,37.70000076293945,37.70000076293945,37.45000076293945,37.54999923706055,37.54999923706055,80085
2023-09-12,37.54999923706055,38.0,37.54999923706055,37.849998474121094,37.849998474121094,155037
2023-09-13,37.849998474121094,38.150001525878906,37.849998474121094,38.150001525878906,38.150001525878906,199135
2023-09-14,38.20000076293945,38.29999923706055,38.099998474121094,38.150001525878906,38.150001525878906,137548
2023-09-15,38.20000076293945,38.20000076293945,38.04999923706055,38.099998474121094,38.099998474121094,98200
2023-09-18,38.099998474121094,38.20000076293945,38.04999923706055,38.150001525878906,38.150001525878906,105001
2023-09-19,38.04999923706055,38.099998474121094,37.79999923706055,37.900001525878906,37.900001525878906,123000
2023-09-20,37.849998474121094,37.900001525878906,37.79999923706055,37.900001525878906,37.900001525878906,83300
2023-09-21,37.849998474121094,37.849998474121094,37.5,37.54999923706055,37.54999923706055,156517
2023-09-22,37.5,37.5,37.20000076293945,37.25,37.25,220117
2023-09-25,37.25,37.5,37.20000076293945,37.349998474121094,37.349998474121094,62373
2023-09-26,37.25,37.25,37.04999923706055,37.04999923706055,37.04999923706055,146160
2023-09-27,37.0,37.29999923706055,37.0,37.099998474121094,37.099998474121094,106194
2023-09-28,37.150001525878906,37.20000076293945,36.900001525878906,36.95000076293945,36.95000076293945,418301
2023-10-02,36.900001525878906,37.099998474121094,36.900001525878906,36.95000076293945,36.95000076293945,68127
2023-10-03,36.95000076293945,37.0,36.95000076293945,37.0,37.0,61050
2023-10-04,37.0,37.0,36.70000076293945,36.70000076293945,36.70000076293945,171130
2023-10-05,36.599998474121094,37.0,36.599998474121094,36.849998474121094,36.849998474121094,97001
2023-10-06,36.70000076293945,37.04999923706055,36.70000076293945,37.0,37.0,56329
2023-10-11,37.0,37.54999923706055,37.0,37.400001525878906,37.400001525878906,249245
2023-10-12,37.400001525878906,37.54999923706055,37.400001525878906,37.54999923706055,37.54999923706055,147055
2023-10-13,37.45000076293945,37.79999923706055,37.400001525878906,37.75,37.75,151300
2023-10-16,37.70000076293945,37.70000076293945,37.5,37.650001525878906,37.650001525878906,110000
2023-10-17,37.650001525878906,37.79999923706055,37.400001525878906,37.400001525878906,37.400001525878906,112000
2023-10-18,37.400001525878906,37.5,37.099998474121094,37.400001525878906,37.400001525878906,194373
2023-10-19,37.400001525878906,37.400001525878906,37.099998474121094,37.099998474121094,37.099998474121094,147436
2023-10-20,37.04999923706055,37.04999923706055,36.849998474121094,36.95000076293945,36.95000076293945,107290
2023-10-23,36.900001525878906,37.099998474121094,36.900001525878906,36.95000076293945,36.95000076293945,46103
2023-10-24,36.900001525878906,37.099998474121094,36.900001525878906,37.0,37.0,57225
2023-10-25,37.04999923706055,37.349998474121094,36.900001525878906,37.25,37.25,181482
2023-10-26,37.25,37.5,37.150001525878906,37.25,37.25,133019
2023-10-27,37.20000076293945,37.5,37.20000076293945,37.45000076293945,37.45000076293945,79030
2023-10-30,37.54999923706055,37.650001525878906,37.45000076293945,37.5,37.5,135355
2023-10-31,37.650001525878906,37.650001525878906,37.099998474121094,37.099998474121094,37.099998474121094,123005
2023-11-01,37.099998474121094,37.349998474121094,37.0,37.099998474121094,37.099998474121094,79158
2023-11-02,37.099998474121094,37.349998474121094,37.0,37.20000076293945,37.20000076293945,90678
2023-11-03,37.099998474121094,37.400001525878906,37.04999923706055,37.400001525878906,37.400001525878906,163249
2023-11-06,37.400001525878906,37.650001525878906,37.400001525878906,37.650001525878906,37.650001525878906,300016
2023-11-07,37.650001525878906,37.70000076293945,37.5,37.599998474121094,37.599998474121094,90240
2023-11-08,37.70000076293945,37.70000076293945,37.5,37.650001525878906,37.650001525878906,133423
2023-11-09,37.70000076293945,37.79999923706055,37.54999923706055,37.79999923706055,37.79999923706055,175306
2023-11-10,37.75,37.75,37.400001525878906,37.45000076293945,37.45000076293945,215100
2023-11-13,37.599998474121094,37.79999923706055,37.400001525878906,37.400001525878906,37.400001525878906,260867
2023-11-14,37.54999923706055,37.54999923706055,37.150001525878906,37.20000076293945,37.20000076293945,262448
2023-11-15,37.29999923706055,37.75,37.150001525878906,37.70000076293945,37.70000076293945,391295
2023-11-16,37.849998474121094,37.900001525878906,37.599998474121094,37.900001525878906,37.900001525878906,244330
2023-11-17,37.849998474121094,37.900001525878906,37.75,37.900001525878906,37.900001525878906,173101
2023-11-20,37.95000076293945,37.95000076293945,37.79999923706055,37.900001525878906,37.900001525878906,135724
2023-11-21,37.900001525878906,38.0,37.79999923706055,37.95000076293945,37.95000076293945,250318
2023-11-22,37.95000076293945,38.0,37.849998474121094,37.95000076293945,37.95000076293945,172681
2023-11-23,38.0,38.0,37.900001525878906,37.95000076293945,37.95000076293945,165917
2023-11-24,38.0,38.0,37.900001525878906,37.95000076293945,37.95000076293945,151001
2023-11-27,37.95000076293945,38.25,37.95000076293945,38.0,38.0,294310
2023-11-28,38.0,38.20000076293945,38.0,38.20000076293945,38.20000076293945,210454
2023-11-29,38.20000076293945,38.20000076293945,37.95000076293945,38.0,38.0,110933
2023-11-30,38.099998474121094,38.099998474121094,37.849998474121094,37.849998474121094,37.849998474121094,174000
2023-12-01,37.849998474121094,38.099998474121094,37.849998474121094,38.0,38.0,182515
2023-12-04,38.20000076293945,38.54999923706055,38.0,38.45000076293945,38.45000076293945,622644
2023-12-05,38.45000076293945,38.599998474121094,38.29999923706055,38.400001525878906,38.400001525878906,234340
2023-12-06,38.54999923706055,38.54999923706055,38.29999923706055,38.5,38.5,171551
2023-12-07,38.400001525878906,38.5,38.150001525878906,38.150001525878906,38.150001525878906,123973
2023-12-08,38.349998474121094,38.45000076293945,38.25,38.400001525878906,38.400001525878906,140894
2023-12-11,38.400001525878906,38.5,38.349998474121094,38.400001525878906,38.400001525878906,136239
2023-12-12,38.400001525878906,38.54999923706055,38.349998474121094,38.400001525878906,38.400001525878906,192100
2023-12-13,38.400001525878906,38.400001525878906,38.25,38.29999923706055,38.29999923706055,113085
2023-12-14,38.349998474121094,38.400001525878906,38.29999923706055,38.400001525878906,38.400001525878906,208379
2023-12-15,38.45000076293945,38.599998474121094,38.400001525878906,38.599998474121094,38.599998474121094,232597
2023-12-18,38.599998474121094,38.79999923706055,38.599998474121094,38.75,38.75,296165
2023-12-19,38.75,38.75,38.29999923706055,38.45000076293945,38.45000076293945,137976
2023-12-20,38.45000076293945,38.79999923706055,38.45000076293945,38.79999923706055,38.79999923706055,347893
2023-12-21,38.79999923706055,38.79999923706055,38.5,38.54999923706055,38.54999923706055,242011
2023-12-22,38.5,38.95000076293945,38.45000076293945,38.54999923706055,38.54999923706055,205200
2023-12-25,38.75,38.75,38.349998474121094,38.349998474121094,38.349998474121094,130325
2023-12-26,38.400001525878906,38.599998474121094,38.349998474121094,38.599998474121094,38.599998474121094,137000
2023-12-27,38.599998474121094,38.599998474121094,38.400001525878906,38.45000076293945,38.45000076293945,185080
2023-12-28,38.70000076293945,38.70000076293945,38.400001525878906,38.5,38.5,135327
2023-12-29,38.45000076293945,38.45000076293945,38.349998474121094,38.400001525878906,38.400001525878906,185350
